ctime,relname,pid,mode,granted
1416640064.27704,pg_locks,10900,AccessShareLock,t
1416640064.27704,pg_stat_activity,10906,AccessShareLock,t
1416640064.27704,pg_stat_all_indexes,10916,AccessShareLock,t
1416640064.27704,pg_stat_all_tables,10907,AccessShareLock,t
1416640064.27704,pg_stat_database,10903,AccessShareLock,t
1416640064.27704,pg_statio_all_indexes,10916,AccessShareLock,t
1416640064.27704,pg_statio_all_tables,10907,AccessShareLock,t
1416640064.27704,time_statistics,10929,RowExclusiveLock,t
1416640124.27946,customer,12174,AccessShareLock,t
1416640124.27946,customer,12201,AccessShareLock,t
1416640124.27946,customer,12063,AccessShareLock,t
1416640124.27946,customer_c_mktsegment_c_custkey_idx,12063,AccessShareLock,t
1416640124.27946,customer_c_mktsegment_c_custkey_idx,12201,AccessShareLock,t
1416640124.27946,customer_c_mktsegment_c_custkey_idx,12174,AccessShareLock,t
1416640124.27946,customer_c_nationkey_c_custkey_brin_idx,12174,AccessShareLock,t
1416640124.27946,customer_c_nationkey_c_custkey_brin_idx,12201,AccessShareLock,t
1416640124.27946,customer_c_nationkey_c_custkey_brin_idx,12063,AccessShareLock,t
1416640124.27946,customer_c_phone_idx,12174,AccessShareLock,t
1416640124.27946,customer_c_phone_idx,12201,AccessShareLock,t
1416640124.27946,customer_c_phone_idx,12063,AccessShareLock,t
1416640124.27946,customer_c_phone_idx_c_acctbal,12201,AccessShareLock,t
1416640124.27946,customer_c_phone_idx_c_acctbal,12174,AccessShareLock,t
1416640124.27946,customer_c_phone_idx_c_acctbal,12063,AccessShareLock,t
1416640124.27946,lineitem,12081,AccessShareLock,t
1416640124.27946,lineitem,12174,AccessShareLock,t
1416640124.27946,lineitem,12201,AccessShareLock,t
1416640124.27946,lineitem,12063,AccessShareLock,t
1416640124.27946,lineitem,12273,AccessShareLock,t
1416640124.27946,lineitem,12231,AccessShareLock,t
1416640124.27946,lineitem,12249,RowExclusiveLock,t
1416640124.27946,lineitem,12200,AccessShareLock,t
1416640124.27946,lineitem_l_orderkey_brin_idx,12249,RowExclusiveLock,t
1416640124.27946,lineitem_l_orderkey_brin_idx,12231,AccessShareLock,t
1416640124.27946,lineitem_l_orderkey_brin_idx,12273,AccessShareLock,t
1416640124.27946,lineitem_l_orderkey_brin_idx,12063,AccessShareLock,t
1416640124.27946,lineitem_l_orderkey_brin_idx,12201,AccessShareLock,t
1416640124.27946,lineitem_l_orderkey_brin_idx,12174,AccessShareLock,t
1416640124.27946,lineitem_l_orderkey_brin_idx,12200,AccessShareLock,t
1416640124.27946,lineitem_l_orderkey_brin_idx,12081,AccessShareLock,t
1416640124.27946,lineitem_l_orderkey_idx_brin_part1,12174,AccessShareLock,t
1416640124.27946,lineitem_l_orderkey_idx_brin_part1,12201,AccessShareLock,t
1416640124.27946,lineitem_l_orderkey_idx_brin_part1,12063,AccessShareLock,t
1416640124.27946,lineitem_l_orderkey_idx_brin_part1,12249,RowExclusiveLock,t
1416640124.27946,lineitem_l_orderkey_idx_brin_part1,12081,AccessShareLock,t
1416640124.27946,lineitem_l_orderkey_idx_brin_part1,12200,AccessShareLock,t
1416640124.27946,lineitem_l_orderkey_idx_brin_part1,12231,AccessShareLock,t
1416640124.27946,lineitem_l_orderkey_idx_brin_part1,12273,AccessShareLock,t
1416640124.27946,lineitem_l_orderkey_idx_brin_part2,12231,AccessShareLock,t
1416640124.27946,lineitem_l_orderkey_idx_brin_part2,12081,AccessShareLock,t
1416640124.27946,lineitem_l_orderkey_idx_brin_part2,12063,AccessShareLock,t
1416640124.27946,lineitem_l_orderkey_idx_brin_part2,12200,AccessShareLock,t
1416640124.27946,lineitem_l_orderkey_idx_brin_part2,12273,AccessShareLock,t
1416640124.27946,lineitem_l_orderkey_idx_brin_part2,12249,RowExclusiveLock,t
1416640124.27946,lineitem_l_orderkey_idx_brin_part2,12201,AccessShareLock,t
1416640124.27946,lineitem_l_orderkey_idx_brin_part2,12174,AccessShareLock,t
1416640124.27946,lineitem_l_orderkey_l_linenumber_l_shipdate_brin_idx,12249,RowExclusiveLock,t
1416640124.27946,lineitem_l_orderkey_l_linenumber_l_shipdate_brin_idx,12231,AccessShareLock,t
1416640124.27946,lineitem_l_orderkey_l_linenumber_l_shipdate_brin_idx,12273,AccessShareLock,t
1416640124.27946,lineitem_l_orderkey_l_linenumber_l_shipdate_brin_idx,12063,AccessShareLock,t
1416640124.27946,lineitem_l_orderkey_l_linenumber_l_shipdate_brin_idx,12201,AccessShareLock,t
1416640124.27946,lineitem_l_orderkey_l_linenumber_l_shipdate_brin_idx,12174,AccessShareLock,t
1416640124.27946,lineitem_l_orderkey_l_linenumber_l_shipdate_brin_idx,12200,AccessShareLock,t
1416640124.27946,lineitem_l_orderkey_l_linenumber_l_shipdate_brin_idx,12081,AccessShareLock,t
1416640124.27946,lineitem_l_partkey_l_quantity_brin_idx,12273,AccessShareLock,t
1416640124.27946,lineitem_l_partkey_l_quantity_brin_idx,12231,AccessShareLock,t
1416640124.27946,lineitem_l_partkey_l_quantity_brin_idx,12249,RowExclusiveLock,t
1416640124.27946,lineitem_l_partkey_l_quantity_brin_idx,12081,AccessShareLock,t
1416640124.27946,lineitem_l_partkey_l_quantity_brin_idx,12200,AccessShareLock,t
1416640124.27946,lineitem_l_partkey_l_quantity_brin_idx,12063,AccessShareLock,t
1416640124.27946,lineitem_l_partkey_l_quantity_brin_idx,12201,AccessShareLock,t
1416640124.27946,lineitem_l_partkey_l_quantity_brin_idx,12174,AccessShareLock,t
1416640124.27946,lineitem_l_partkey_l_quantity_idx,12273,AccessShareLock,t
1416640124.27946,lineitem_l_partkey_l_quantity_idx,12231,AccessShareLock,t
1416640124.27946,lineitem_l_partkey_l_quantity_idx,12249,RowExclusiveLock,t
1416640124.27946,lineitem_l_partkey_l_quantity_idx,12200,AccessShareLock,t
1416640124.27946,lineitem_l_partkey_l_quantity_idx,12081,AccessShareLock,t
1416640124.27946,lineitem_l_partkey_l_quantity_idx,12174,AccessShareLock,t
1416640124.27946,lineitem_l_partkey_l_quantity_idx,12201,AccessShareLock,t
1416640124.27946,lineitem_l_partkey_l_quantity_idx,12063,AccessShareLock,t
1416640124.27946,lineitem_l_shipdate_l_suppkey_brin_idx,12200,AccessShareLock,t
1416640124.27946,lineitem_l_shipdate_l_suppkey_brin_idx,12174,AccessShareLock,t
1416640124.27946,lineitem_l_shipdate_l_suppkey_brin_idx,12063,AccessShareLock,t
1416640124.27946,lineitem_l_shipdate_l_suppkey_brin_idx,12201,AccessShareLock,t
1416640124.27946,lineitem_l_shipdate_l_suppkey_brin_idx,12273,AccessShareLock,t
1416640124.27946,lineitem_l_shipdate_l_suppkey_brin_idx,12231,AccessShareLock,t
1416640124.27946,lineitem_l_shipdate_l_suppkey_brin_idx,12249,RowExclusiveLock,t
1416640124.27946,lineitem_l_shipdate_l_suppkey_brin_idx,12081,AccessShareLock,t
1416640124.27946,orders,12174,AccessShareLock,t
1416640124.27946,orders,12063,AccessShareLock,t
1416640124.27946,orders,12201,AccessShareLock,t
1416640124.27946,orders_o_orderdate_o_orderkey_brin_idx,12063,AccessShareLock,t
1416640124.27946,orders_o_orderdate_o_orderkey_brin_idx,12174,AccessShareLock,t
1416640124.27946,orders_o_orderdate_o_orderkey_brin_idx,12201,AccessShareLock,t
1416640124.27946,orders_o_orderkey_o_orderdate_brin_idx,12063,AccessShareLock,t
1416640124.27946,orders_o_orderkey_o_orderdate_brin_idx,12201,AccessShareLock,t
1416640124.27946,orders_o_orderkey_o_orderdate_brin_idx,12174,AccessShareLock,t
1416640124.27946,part,12273,AccessShareLock,t
1416640124.27946,part,12261,AccessShareLock,t
1416640124.27946,part_p_container_p_brand_p_partkey_idx,12261,AccessShareLock,t
1416640124.27946,part_p_container_p_brand_p_partkey_idx,12273,AccessShareLock,t
1416640124.27946,part_p_name_idx,12273,AccessShareLock,t
1416640124.27946,part_p_name_idx,12261,AccessShareLock,t
1416640124.27946,part_p_size_brin_idx,12273,AccessShareLock,t
1416640124.27946,part_p_size_brin_idx,12261,AccessShareLock,t
1416640124.27946,part_p_type_p_partkey_idx,12273,AccessShareLock,t
1416640124.27946,part_p_type_p_partkey_idx,12261,AccessShareLock,t
1416640124.27946,partsupp,12261,AccessShareLock,t
1416640124.27946,partsupp_ps_suppkey_idx,12261,AccessShareLock,t
1416640124.27946,pg_locks,12283,AccessShareLock,t
1416640124.27946,pg_stat_activity,12281,AccessShareLock,t
1416640124.27946,pg_stat_all_indexes,12284,AccessShareLock,t
1416640124.27946,pg_stat_all_tables,12282,AccessShareLock,t
1416640124.27946,pg_stat_database,12285,AccessShareLock,t
1416640124.27946,pg_statio_all_indexes,12284,AccessShareLock,t
1416640124.27946,pg_statio_all_tables,12282,AccessShareLock,t
1416640124.27946,pk_customer,12201,AccessShareLock,t
1416640124.27946,pk_customer,12063,AccessShareLock,t
1416640124.27946,pk_customer,12174,AccessShareLock,t
1416640124.27946,pk_lineitem,12231,AccessShareLock,t
1416640124.27946,pk_lineitem,12200,AccessShareLock,t
1416640124.27946,pk_lineitem,12081,AccessShareLock,t
1416640124.27946,pk_lineitem,12249,RowExclusiveLock,t
1416640124.27946,pk_lineitem,12273,AccessShareLock,t
1416640124.27946,pk_lineitem,12063,AccessShareLock,t
1416640124.27946,pk_lineitem,12201,AccessShareLock,t
1416640124.27946,pk_lineitem,12174,AccessShareLock,t
1416640124.27946,pk_orders,12063,AccessShareLock,t
1416640124.27946,pk_orders,12201,AccessShareLock,t
1416640124.27946,pk_orders,12174,AccessShareLock,t
1416640124.27946,pk_part,12261,AccessShareLock,t
1416640124.27946,pk_part,12273,AccessShareLock,t
1416640124.27946,pk_partsupp,12261,AccessShareLock,t
1416640124.27946,pk_supplier,12261,AccessShareLock,t
1416640124.27946,pk_supplier,12200,AccessShareLock,t
1416640124.27946,supplier,12261,AccessShareLock,t
1416640124.27946,supplier,12200,AccessShareLock,t
1416640124.27946,supplier_s_nationkey_s_suppkey_brin_idx,12261,AccessShareLock,t
1416640124.27946,supplier_s_nationkey_s_suppkey_brin_idx,12200,AccessShareLock,t
1416640124.27946,supplier_s_suppkey_idx_like,12261,AccessShareLock,t
1416640124.27946,supplier_s_suppkey_idx_like,12200,AccessShareLock,t
1416640184.28138,customer,12363,AccessShareLock,t
1416640184.28138,customer,12533,AccessShareLock,t
1416640184.28138,customer_c_mktsegment_c_custkey_idx,12533,AccessShareLock,t
1416640184.28138,customer_c_mktsegment_c_custkey_idx,12363,AccessShareLock,t
1416640184.28138,customer_c_nationkey_c_custkey_brin_idx,12533,AccessShareLock,t
1416640184.28138,customer_c_nationkey_c_custkey_brin_idx,12363,AccessShareLock,t
1416640184.28138,customer_c_phone_idx,12533,AccessShareLock,t
1416640184.28138,customer_c_phone_idx,12363,AccessShareLock,t
1416640184.28138,customer_c_phone_idx_c_acctbal,12533,AccessShareLock,t
1416640184.28138,customer_c_phone_idx_c_acctbal,12363,AccessShareLock,t
1416640184.28138,lineitem,12454,AccessShareLock,t
1416640184.28138,lineitem,12483,AccessShareLock,t
1416640184.28138,lineitem,12521,AccessShareLock,t
1416640184.28138,lineitem,12363,AccessShareLock,t
1416640184.28138,lineitem,12364,AccessShareLock,t
1416640184.28138,lineitem,12509,RowExclusiveLock,t
1416640184.28138,lineitem,12495,AccessShareLock,t
1416640184.28138,lineitem,12533,AccessShareLock,t
1416640184.28138,lineitem,12412,AccessShareLock,t
1416640184.28138,lineitem_l_orderkey_brin_idx,12521,AccessShareLock,t
1416640184.28138,lineitem_l_orderkey_brin_idx,12533,AccessShareLock,t
1416640184.28138,lineitem_l_orderkey_brin_idx,12483,AccessShareLock,t
1416640184.28138,lineitem_l_orderkey_brin_idx,12509,RowExclusiveLock,t
1416640184.28138,lineitem_l_orderkey_brin_idx,12495,AccessShareLock,t
1416640184.28138,lineitem_l_orderkey_brin_idx,12454,AccessShareLock,t
1416640184.28138,lineitem_l_orderkey_brin_idx,12412,AccessShareLock,t
1416640184.28138,lineitem_l_orderkey_brin_idx,12364,AccessShareLock,t
1416640184.28138,lineitem_l_orderkey_brin_idx,12363,AccessShareLock,t
1416640184.28138,lineitem_l_orderkey_idx_brin_part1,12509,RowExclusiveLock,t
1416640184.28138,lineitem_l_orderkey_idx_brin_part1,12495,AccessShareLock,t
1416640184.28138,lineitem_l_orderkey_idx_brin_part1,12364,AccessShareLock,t
1416640184.28138,lineitem_l_orderkey_idx_brin_part1,12454,AccessShareLock,t
1416640184.28138,lineitem_l_orderkey_idx_brin_part1,12412,AccessShareLock,t
1416640184.28138,lineitem_l_orderkey_idx_brin_part1,12521,AccessShareLock,t
1416640184.28138,lineitem_l_orderkey_idx_brin_part1,12363,AccessShareLock,t
1416640184.28138,lineitem_l_orderkey_idx_brin_part1,12533,AccessShareLock,t
1416640184.28138,lineitem_l_orderkey_idx_brin_part1,12483,AccessShareLock,t
1416640184.28138,lineitem_l_orderkey_idx_brin_part2,12509,RowExclusiveLock,t
1416640184.28138,lineitem_l_orderkey_idx_brin_part2,12533,AccessShareLock,t
1416640184.28138,lineitem_l_orderkey_idx_brin_part2,12483,AccessShareLock,t
1416640184.28138,lineitem_l_orderkey_idx_brin_part2,12495,AccessShareLock,t
1416640184.28138,lineitem_l_orderkey_idx_brin_part2,12454,AccessShareLock,t
1416640184.28138,lineitem_l_orderkey_idx_brin_part2,12412,AccessShareLock,t
1416640184.28138,lineitem_l_orderkey_idx_brin_part2,12364,AccessShareLock,t
1416640184.28138,lineitem_l_orderkey_idx_brin_part2,12363,AccessShareLock,t
1416640184.28138,lineitem_l_orderkey_idx_brin_part2,12521,AccessShareLock,t
1416640184.28138,lineitem_l_orderkey_l_linenumber_l_shipdate_brin_idx,12483,AccessShareLock,t
1416640184.28138,lineitem_l_orderkey_l_linenumber_l_shipdate_brin_idx,12509,RowExclusiveLock,t
1416640184.28138,lineitem_l_orderkey_l_linenumber_l_shipdate_brin_idx,12495,AccessShareLock,t
1416640184.28138,lineitem_l_orderkey_l_linenumber_l_shipdate_brin_idx,12454,AccessShareLock,t
1416640184.28138,lineitem_l_orderkey_l_linenumber_l_shipdate_brin_idx,12412,AccessShareLock,t
1416640184.28138,lineitem_l_orderkey_l_linenumber_l_shipdate_brin_idx,12364,AccessShareLock,t
1416640184.28138,lineitem_l_orderkey_l_linenumber_l_shipdate_brin_idx,12363,AccessShareLock,t
1416640184.28138,lineitem_l_orderkey_l_linenumber_l_shipdate_brin_idx,12521,AccessShareLock,t
1416640184.28138,lineitem_l_orderkey_l_linenumber_l_shipdate_brin_idx,12533,AccessShareLock,t
1416640184.28138,lineitem_l_partkey_l_quantity_brin_idx,12521,AccessShareLock,t
1416640184.28138,lineitem_l_partkey_l_quantity_brin_idx,12363,AccessShareLock,t
1416640184.28138,lineitem_l_partkey_l_quantity_brin_idx,12364,AccessShareLock,t
1416640184.28138,lineitem_l_partkey_l_quantity_brin_idx,12412,AccessShareLock,t
1416640184.28138,lineitem_l_partkey_l_quantity_brin_idx,12454,AccessShareLock,t
1416640184.28138,lineitem_l_partkey_l_quantity_brin_idx,12495,AccessShareLock,t
1416640184.28138,lineitem_l_partkey_l_quantity_brin_idx,12509,RowExclusiveLock,t
1416640184.28138,lineitem_l_partkey_l_quantity_brin_idx,12483,AccessShareLock,t
1416640184.28138,lineitem_l_partkey_l_quantity_brin_idx,12533,AccessShareLock,t
1416640184.28138,lineitem_l_partkey_l_quantity_idx,12521,AccessShareLock,t
1416640184.28138,lineitem_l_partkey_l_quantity_idx,12363,AccessShareLock,t
1416640184.28138,lineitem_l_partkey_l_quantity_idx,12364,AccessShareLock,t
1416640184.28138,lineitem_l_partkey_l_quantity_idx,12412,AccessShareLock,t
1416640184.28138,lineitem_l_partkey_l_quantity_idx,12454,AccessShareLock,t
1416640184.28138,lineitem_l_partkey_l_quantity_idx,12495,AccessShareLock,t
1416640184.28138,lineitem_l_partkey_l_quantity_idx,12509,RowExclusiveLock,t
1416640184.28138,lineitem_l_partkey_l_quantity_idx,12483,AccessShareLock,t
1416640184.28138,lineitem_l_partkey_l_quantity_idx,12533,AccessShareLock,t
1416640184.28138,lineitem_l_shipdate_l_suppkey_brin_idx,12533,AccessShareLock,t
1416640184.28138,lineitem_l_shipdate_l_suppkey_brin_idx,12363,AccessShareLock,t
1416640184.28138,lineitem_l_shipdate_l_suppkey_brin_idx,12521,AccessShareLock,t
1416640184.28138,lineitem_l_shipdate_l_suppkey_brin_idx,12364,AccessShareLock,t
1416640184.28138,lineitem_l_shipdate_l_suppkey_brin_idx,12412,AccessShareLock,t
1416640184.28138,lineitem_l_shipdate_l_suppkey_brin_idx,12454,AccessShareLock,t
1416640184.28138,lineitem_l_shipdate_l_suppkey_brin_idx,12495,AccessShareLock,t
1416640184.28138,lineitem_l_shipdate_l_suppkey_brin_idx,12509,RowExclusiveLock,t
1416640184.28138,lineitem_l_shipdate_l_suppkey_brin_idx,12483,AccessShareLock,t
1416640184.28138,nation,12533,AccessShareLock,t
1416640184.28138,nation,12521,AccessShareLock,t
1416640184.28138,nation,12454,AccessShareLock,t
1416640184.28138,orders,12454,AccessShareLock,t
1416640184.28138,orders,12533,AccessShareLock,t
1416640184.28138,orders,12521,AccessShareLock,t
1416640184.28138,orders,12363,AccessShareLock,t
1416640184.28138,orders_o_orderdate_o_orderkey_brin_idx,12521,AccessShareLock,t
1416640184.28138,orders_o_orderdate_o_orderkey_brin_idx,12533,AccessShareLock,t
1416640184.28138,orders_o_orderdate_o_orderkey_brin_idx,12454,AccessShareLock,t
1416640184.28138,orders_o_orderdate_o_orderkey_brin_idx,12363,AccessShareLock,t
1416640184.28138,orders_o_orderkey_o_orderdate_brin_idx,12363,AccessShareLock,t
1416640184.28138,orders_o_orderkey_o_orderdate_brin_idx,12521,AccessShareLock,t
1416640184.28138,orders_o_orderkey_o_orderdate_brin_idx,12533,AccessShareLock,t
1416640184.28138,orders_o_orderkey_o_orderdate_brin_idx,12454,AccessShareLock,t
1416640184.28138,part,12521,AccessShareLock,t
1416640184.28138,part_p_container_p_brand_p_partkey_idx,12521,AccessShareLock,t
1416640184.28138,part_p_name_idx,12521,AccessShareLock,t
1416640184.28138,part_p_size_brin_idx,12521,AccessShareLock,t
1416640184.28138,part_p_type_p_partkey_idx,12521,AccessShareLock,t
1416640184.28138,partsupp,12521,AccessShareLock,t
1416640184.28138,partsupp_ps_suppkey_idx,12521,AccessShareLock,t
1416640184.28138,pg_locks,12541,AccessShareLock,t
1416640184.28138,pg_stat_activity,12542,AccessShareLock,t
1416640184.28138,pg_stat_all_indexes,12543,AccessShareLock,t
1416640184.28138,pg_stat_all_tables,12544,AccessShareLock,t
1416640184.28138,pg_stat_database,12545,AccessShareLock,t
1416640184.28138,pg_statio_all_indexes,12543,AccessShareLock,t
1416640184.28138,pg_statio_all_tables,12544,AccessShareLock,t
1416640184.28138,pk_customer,12363,AccessShareLock,t
1416640184.28138,pk_customer,12533,AccessShareLock,t
1416640184.28138,pk_lineitem,12364,AccessShareLock,t
1416640184.28138,pk_lineitem,12454,AccessShareLock,t
1416640184.28138,pk_lineitem,12495,AccessShareLock,t
1416640184.28138,pk_lineitem,12509,RowExclusiveLock,t
1416640184.28138,pk_lineitem,12483,AccessShareLock,t
1416640184.28138,pk_lineitem,12533,AccessShareLock,t
1416640184.28138,pk_lineitem,12363,AccessShareLock,t
1416640184.28138,pk_lineitem,12521,AccessShareLock,t
1416640184.28138,pk_lineitem,12412,AccessShareLock,t
1416640184.28138,pk_nation,12454,AccessShareLock,t
1416640184.28138,pk_nation,12533,AccessShareLock,t
1416640184.28138,pk_nation,12521,AccessShareLock,t
1416640184.28138,pk_orders,12533,AccessShareLock,t
1416640184.28138,pk_orders,12363,AccessShareLock,t
1416640184.28138,pk_orders,12521,AccessShareLock,t
1416640184.28138,pk_orders,12454,AccessShareLock,t
1416640184.28138,pk_part,12521,AccessShareLock,t
1416640184.28138,pk_partsupp,12521,AccessShareLock,t
1416640184.28138,pk_supplier,12533,AccessShareLock,t
1416640184.28138,pk_supplier,12483,AccessShareLock,t
1416640184.28138,pk_supplier,12454,AccessShareLock,t
1416640184.28138,pk_supplier,12412,AccessShareLock,t
1416640184.28138,pk_supplier,12364,AccessShareLock,t
1416640184.28138,pk_supplier,12521,AccessShareLock,t
1416640184.28138,supplier,12533,AccessShareLock,t
1416640184.28138,supplier,12483,AccessShareLock,t
1416640184.28138,supplier,12454,AccessShareLock,t
1416640184.28138,supplier,12412,AccessShareLock,t
1416640184.28138,supplier,12521,AccessShareLock,t
1416640184.28138,supplier,12364,AccessShareLock,t
1416640184.28138,supplier_s_nationkey_s_suppkey_brin_idx,12412,AccessShareLock,t
1416640184.28138,supplier_s_nationkey_s_suppkey_brin_idx,12454,AccessShareLock,t
1416640184.28138,supplier_s_nationkey_s_suppkey_brin_idx,12483,AccessShareLock,t
1416640184.28138,supplier_s_nationkey_s_suppkey_brin_idx,12533,AccessShareLock,t
1416640184.28138,supplier_s_nationkey_s_suppkey_brin_idx,12521,AccessShareLock,t
1416640184.28138,supplier_s_nationkey_s_suppkey_brin_idx,12364,AccessShareLock,t
1416640184.28138,supplier_s_suppkey_idx_like,12521,AccessShareLock,t
1416640184.28138,supplier_s_suppkey_idx_like,12454,AccessShareLock,t
1416640184.28138,supplier_s_suppkey_idx_like,12412,AccessShareLock,t
1416640184.28138,supplier_s_suppkey_idx_like,12364,AccessShareLock,t
1416640184.28138,supplier_s_suppkey_idx_like,12533,AccessShareLock,t
1416640184.28138,supplier_s_suppkey_idx_like,12483,AccessShareLock,t
1416640244.2833,customer,12774,AccessShareLock,t
1416640244.2833,customer,12761,AccessShareLock,t
1416640244.2833,customer_c_mktsegment_c_custkey_idx,12774,AccessShareLock,t
1416640244.2833,customer_c_mktsegment_c_custkey_idx,12761,AccessShareLock,t
1416640244.2833,customer_c_nationkey_c_custkey_brin_idx,12774,AccessShareLock,t
1416640244.2833,customer_c_nationkey_c_custkey_brin_idx,12761,AccessShareLock,t
1416640244.2833,customer_c_phone_idx,12761,AccessShareLock,t
1416640244.2833,customer_c_phone_idx,12774,AccessShareLock,t
1416640244.2833,customer_c_phone_idx_c_acctbal,12761,AccessShareLock,t
1416640244.2833,customer_c_phone_idx_c_acctbal,12774,AccessShareLock,t
1416640244.2833,lineitem,12810,AccessShareLock,t
1416640244.2833,lineitem,12762,AccessShareLock,t
1416640244.2833,lineitem,12521,AccessShareLock,t
1416640244.2833,lineitem,12774,AccessShareLock,t
1416640244.2833,lineitem,12761,AccessShareLock,t
1416640244.2833,lineitem,12702,AccessShareLock,t
1416640244.2833,lineitem,12840,AccessShareLock,t
1416640244.2833,lineitem,12495,AccessShareLock,t
1416640244.2833,lineitem_l_orderkey_brin_idx,12762,AccessShareLock,t
1416640244.2833,lineitem_l_orderkey_brin_idx,12810,AccessShareLock,t
1416640244.2833,lineitem_l_orderkey_brin_idx,12495,AccessShareLock,t
1416640244.2833,lineitem_l_orderkey_brin_idx,12702,AccessShareLock,t
1416640244.2833,lineitem_l_orderkey_brin_idx,12761,AccessShareLock,t
1416640244.2833,lineitem_l_orderkey_brin_idx,12774,AccessShareLock,t
1416640244.2833,lineitem_l_orderkey_brin_idx,12521,AccessShareLock,t
1416640244.2833,lineitem_l_orderkey_brin_idx,12840,AccessShareLock,t
1416640244.2833,lineitem_l_orderkey_idx_brin_part1,12762,AccessShareLock,t
1416640244.2833,lineitem_l_orderkey_idx_brin_part1,12495,AccessShareLock,t
1416640244.2833,lineitem_l_orderkey_idx_brin_part1,12702,AccessShareLock,t
1416640244.2833,lineitem_l_orderkey_idx_brin_part1,12774,AccessShareLock,t
1416640244.2833,lineitem_l_orderkey_idx_brin_part1,12840,AccessShareLock,t
1416640244.2833,lineitem_l_orderkey_idx_brin_part1,12761,AccessShareLock,t
1416640244.2833,lineitem_l_orderkey_idx_brin_part1,12521,AccessShareLock,t
1416640244.2833,lineitem_l_orderkey_idx_brin_part1,12810,AccessShareLock,t
1416640244.2833,lineitem_l_orderkey_idx_brin_part2,12495,AccessShareLock,t
1416640244.2833,lineitem_l_orderkey_idx_brin_part2,12762,AccessShareLock,t
1416640244.2833,lineitem_l_orderkey_idx_brin_part2,12810,AccessShareLock,t
1416640244.2833,lineitem_l_orderkey_idx_brin_part2,12702,AccessShareLock,t
1416640244.2833,lineitem_l_orderkey_idx_brin_part2,12761,AccessShareLock,t
1416640244.2833,lineitem_l_orderkey_idx_brin_part2,12774,AccessShareLock,t
1416640244.2833,lineitem_l_orderkey_idx_brin_part2,12840,AccessShareLock,t
1416640244.2833,lineitem_l_orderkey_idx_brin_part2,12521,AccessShareLock,t
1416640244.2833,lineitem_l_orderkey_l_linenumber_l_shipdate_brin_idx,12521,AccessShareLock,t
1416640244.2833,lineitem_l_orderkey_l_linenumber_l_shipdate_brin_idx,12762,AccessShareLock,t
1416640244.2833,lineitem_l_orderkey_l_linenumber_l_shipdate_brin_idx,12810,AccessShareLock,t
1416640244.2833,lineitem_l_orderkey_l_linenumber_l_shipdate_brin_idx,12495,AccessShareLock,t
1416640244.2833,lineitem_l_orderkey_l_linenumber_l_shipdate_brin_idx,12702,AccessShareLock,t
1416640244.2833,lineitem_l_orderkey_l_linenumber_l_shipdate_brin_idx,12761,AccessShareLock,t
1416640244.2833,lineitem_l_orderkey_l_linenumber_l_shipdate_brin_idx,12774,AccessShareLock,t
1416640244.2833,lineitem_l_orderkey_l_linenumber_l_shipdate_brin_idx,12840,AccessShareLock,t
1416640244.2833,lineitem_l_partkey_l_quantity_brin_idx,12521,AccessShareLock,t
1416640244.2833,lineitem_l_partkey_l_quantity_brin_idx,12702,AccessShareLock,t
1416640244.2833,lineitem_l_partkey_l_quantity_brin_idx,12810,AccessShareLock,t
1416640244.2833,lineitem_l_partkey_l_quantity_brin_idx,12762,AccessShareLock,t
1416640244.2833,lineitem_l_partkey_l_quantity_brin_idx,12774,AccessShareLock,t
1416640244.2833,lineitem_l_partkey_l_quantity_brin_idx,12840,AccessShareLock,t
1416640244.2833,lineitem_l_partkey_l_quantity_brin_idx,12761,AccessShareLock,t
1416640244.2833,lineitem_l_partkey_l_quantity_brin_idx,12495,AccessShareLock,t
1416640244.2833,lineitem_l_partkey_l_quantity_idx,12761,AccessShareLock,t
1416640244.2833,lineitem_l_partkey_l_quantity_idx,12521,AccessShareLock,t
1416640244.2833,lineitem_l_partkey_l_quantity_idx,12762,AccessShareLock,t
1416640244.2833,lineitem_l_partkey_l_quantity_idx,12810,AccessShareLock,t
1416640244.2833,lineitem_l_partkey_l_quantity_idx,12495,AccessShareLock,t
1416640244.2833,lineitem_l_partkey_l_quantity_idx,12840,AccessShareLock,t
1416640244.2833,lineitem_l_partkey_l_quantity_idx,12702,AccessShareLock,t
1416640244.2833,lineitem_l_partkey_l_quantity_idx,12774,AccessShareLock,t
1416640244.2833,lineitem_l_shipdate_l_suppkey_brin_idx,12761,AccessShareLock,t
1416640244.2833,lineitem_l_shipdate_l_suppkey_brin_idx,12521,AccessShareLock,t
1416640244.2833,lineitem_l_shipdate_l_suppkey_brin_idx,12774,AccessShareLock,t
1416640244.2833,lineitem_l_shipdate_l_suppkey_brin_idx,12702,AccessShareLock,t
1416640244.2833,lineitem_l_shipdate_l_suppkey_brin_idx,12495,AccessShareLock,t
1416640244.2833,lineitem_l_shipdate_l_suppkey_brin_idx,12810,AccessShareLock,t
1416640244.2833,lineitem_l_shipdate_l_suppkey_brin_idx,12762,AccessShareLock,t
1416640244.2833,lineitem_l_shipdate_l_suppkey_brin_idx,12840,AccessShareLock,t
1416640244.2833,nation,12774,AccessShareLock,t
1416640244.2833,nation,12840,AccessShareLock,t
1416640244.2833,nation,12521,AccessShareLock,t
1416640244.2833,orders,12774,AccessShareLock,t
1416640244.2833,orders,12521,AccessShareLock,t
1416640244.2833,orders,12840,AccessShareLock,t
1416640244.2833,orders,12761,AccessShareLock,t
1416640244.2833,orders_o_orderdate_o_orderkey_brin_idx,12774,AccessShareLock,t
1416640244.2833,orders_o_orderdate_o_orderkey_brin_idx,12761,AccessShareLock,t
1416640244.2833,orders_o_orderdate_o_orderkey_brin_idx,12840,AccessShareLock,t
1416640244.2833,orders_o_orderdate_o_orderkey_brin_idx,12521,AccessShareLock,t
1416640244.2833,orders_o_orderkey_o_orderdate_brin_idx,12761,AccessShareLock,t
1416640244.2833,orders_o_orderkey_o_orderdate_brin_idx,12521,AccessShareLock,t
1416640244.2833,orders_o_orderkey_o_orderdate_brin_idx,12840,AccessShareLock,t
1416640244.2833,orders_o_orderkey_o_orderdate_brin_idx,12774,AccessShareLock,t
1416640244.2833,part,12840,AccessShareLock,t
1416640244.2833,part,12521,AccessShareLock,t
1416640244.2833,part_p_container_p_brand_p_partkey_idx,12521,AccessShareLock,t
1416640244.2833,part_p_container_p_brand_p_partkey_idx,12840,AccessShareLock,t
1416640244.2833,part_p_name_idx,12521,AccessShareLock,t
1416640244.2833,part_p_name_idx,12840,AccessShareLock,t
1416640244.2833,part_p_size_brin_idx,12521,AccessShareLock,t
1416640244.2833,part_p_size_brin_idx,12840,AccessShareLock,t
1416640244.2833,part_p_type_p_partkey_idx,12521,AccessShareLock,t
1416640244.2833,part_p_type_p_partkey_idx,12840,AccessShareLock,t
1416640244.2833,partsupp,12521,AccessShareLock,t
1416640244.2833,partsupp,12840,AccessShareLock,t
1416640244.2833,partsupp_ps_suppkey_idx,12521,AccessShareLock,t
1416640244.2833,partsupp_ps_suppkey_idx,12840,AccessShareLock,t
1416640244.2833,pg_locks,12849,AccessShareLock,t
1416640244.2833,pg_stat_activity,12852,AccessShareLock,t
1416640244.2833,pg_stat_all_tables,12850,AccessShareLock,t
1416640244.2833,pg_stat_database,12848,AccessShareLock,t
1416640244.2833,pg_statio_all_tables,12850,AccessShareLock,t
1416640244.2833,pk_customer,12761,AccessShareLock,t
1416640244.2833,pk_customer,12774,AccessShareLock,t
1416640244.2833,pk_lineitem,12774,AccessShareLock,t
1416640244.2833,pk_lineitem,12761,AccessShareLock,t
1416640244.2833,pk_lineitem,12702,AccessShareLock,t
1416640244.2833,pk_lineitem,12840,AccessShareLock,t
1416640244.2833,pk_lineitem,12495,AccessShareLock,t
1416640244.2833,pk_lineitem,12762,AccessShareLock,t
1416640244.2833,pk_lineitem,12810,AccessShareLock,t
1416640244.2833,pk_lineitem,12521,AccessShareLock,t
1416640244.2833,pk_nation,12521,AccessShareLock,t
1416640244.2833,pk_nation,12840,AccessShareLock,t
1416640244.2833,pk_nation,12774,AccessShareLock,t
1416640244.2833,pk_orders,12774,AccessShareLock,t
1416640244.2833,pk_orders,12761,AccessShareLock,t
1416640244.2833,pk_orders,12521,AccessShareLock,t
1416640244.2833,pk_orders,12840,AccessShareLock,t
1416640244.2833,pk_part,12521,AccessShareLock,t
1416640244.2833,pk_part,12840,AccessShareLock,t
1416640244.2833,pk_partsupp,12840,AccessShareLock,t
1416640244.2833,pk_partsupp,12521,AccessShareLock,t
1416640244.2833,pk_supplier,12840,AccessShareLock,t
1416640244.2833,pk_supplier,12521,AccessShareLock,t
1416640244.2833,pk_supplier,12774,AccessShareLock,t
1416640244.2833,supplier,12774,AccessShareLock,t
1416640244.2833,supplier,12521,AccessShareLock,t
1416640244.2833,supplier,12840,AccessShareLock,t
1416640244.2833,supplier_s_nationkey_s_suppkey_brin_idx,12774,AccessShareLock,t
1416640244.2833,supplier_s_nationkey_s_suppkey_brin_idx,12840,AccessShareLock,t
1416640244.2833,supplier_s_nationkey_s_suppkey_brin_idx,12521,AccessShareLock,t
1416640244.2833,supplier_s_suppkey_idx_like,12774,AccessShareLock,t
1416640244.2833,supplier_s_suppkey_idx_like,12521,AccessShareLock,t
1416640244.2833,supplier_s_suppkey_idx_like,12840,AccessShareLock,t
1416640304.28756,customer,12918,AccessShareLock,t
1416640304.28756,customer_c_mktsegment_c_custkey_idx,12918,AccessShareLock,t
1416640304.28756,customer_c_nationkey_c_custkey_brin_idx,12918,AccessShareLock,t
1416640304.28756,customer_c_phone_idx,12918,AccessShareLock,t
1416640304.28756,customer_c_phone_idx_c_acctbal,12918,AccessShareLock,t
1416640304.28756,lineitem,12810,AccessShareLock,t
1416640304.28756,lineitem,12942,AccessShareLock,t
1416640304.28756,lineitem,13051,RowExclusiveLock,t
1416640304.28756,lineitem,12966,AccessShareLock,t
1416640304.28756,lineitem,13033,AccessShareLock,t
1416640304.28756,lineitem,12930,AccessShareLock,t
1416640304.28756,lineitem,12840,AccessShareLock,t
1416640304.28756,lineitem,12918,AccessShareLock,t
1416640304.28756,lineitem,13021,AccessShareLock,t
1416640304.28756,lineitem_l_orderkey_brin_idx,13051,RowExclusiveLock,t
1416640304.28756,lineitem_l_orderkey_brin_idx,12810,AccessShareLock,t
1416640304.28756,lineitem_l_orderkey_brin_idx,12918,AccessShareLock,t
1416640304.28756,lineitem_l_orderkey_brin_idx,13033,AccessShareLock,t
1416640304.28756,lineitem_l_orderkey_brin_idx,13021,AccessShareLock,t
1416640304.28756,lineitem_l_orderkey_brin_idx,12966,AccessShareLock,t
1416640304.28756,lineitem_l_orderkey_brin_idx,12942,AccessShareLock,t
1416640304.28756,lineitem_l_orderkey_brin_idx,12930,AccessShareLock,t
1416640304.28756,lineitem_l_orderkey_brin_idx,12840,AccessShareLock,t
1416640304.28756,lineitem_l_orderkey_idx_brin_part1,12918,AccessShareLock,t
1416640304.28756,lineitem_l_orderkey_idx_brin_part1,13051,RowExclusiveLock,t
1416640304.28756,lineitem_l_orderkey_idx_brin_part1,12810,AccessShareLock,t
1416640304.28756,lineitem_l_orderkey_idx_brin_part1,13033,AccessShareLock,t
1416640304.28756,lineitem_l_orderkey_idx_brin_part1,13021,AccessShareLock,t
1416640304.28756,lineitem_l_orderkey_idx_brin_part1,12966,AccessShareLock,t
1416640304.28756,lineitem_l_orderkey_idx_brin_part1,12840,AccessShareLock,t
1416640304.28756,lineitem_l_orderkey_idx_brin_part1,12942,AccessShareLock,t
1416640304.28756,lineitem_l_orderkey_idx_brin_part1,12930,AccessShareLock,t
1416640304.28756,lineitem_l_orderkey_idx_brin_part2,12918,AccessShareLock,t
1416640304.28756,lineitem_l_orderkey_idx_brin_part2,12942,AccessShareLock,t
1416640304.28756,lineitem_l_orderkey_idx_brin_part2,12930,AccessShareLock,t
1416640304.28756,lineitem_l_orderkey_idx_brin_part2,12840,AccessShareLock,t
1416640304.28756,lineitem_l_orderkey_idx_brin_part2,12966,AccessShareLock,t
1416640304.28756,lineitem_l_orderkey_idx_brin_part2,13021,AccessShareLock,t
1416640304.28756,lineitem_l_orderkey_idx_brin_part2,13033,AccessShareLock,t
1416640304.28756,lineitem_l_orderkey_idx_brin_part2,13051,RowExclusiveLock,t
1416640304.28756,lineitem_l_orderkey_idx_brin_part2,12810,AccessShareLock,t
1416640304.28756,lineitem_l_orderkey_l_linenumber_l_shipdate_brin_idx,13021,AccessShareLock,t
1416640304.28756,lineitem_l_orderkey_l_linenumber_l_shipdate_brin_idx,12840,AccessShareLock,t
1416640304.28756,lineitem_l_orderkey_l_linenumber_l_shipdate_brin_idx,12966,AccessShareLock,t
1416640304.28756,lineitem_l_orderkey_l_linenumber_l_shipdate_brin_idx,13033,AccessShareLock,t
1416640304.28756,lineitem_l_orderkey_l_linenumber_l_shipdate_brin_idx,12930,AccessShareLock,t
1416640304.28756,lineitem_l_orderkey_l_linenumber_l_shipdate_brin_idx,12918,AccessShareLock,t
1416640304.28756,lineitem_l_orderkey_l_linenumber_l_shipdate_brin_idx,12810,AccessShareLock,t
1416640304.28756,lineitem_l_orderkey_l_linenumber_l_shipdate_brin_idx,12942,AccessShareLock,t
1416640304.28756,lineitem_l_orderkey_l_linenumber_l_shipdate_brin_idx,13051,RowExclusiveLock,t
1416640304.28756,lineitem_l_partkey_l_quantity_brin_idx,13033,AccessShareLock,t
1416640304.28756,lineitem_l_partkey_l_quantity_brin_idx,12810,AccessShareLock,t
1416640304.28756,lineitem_l_partkey_l_quantity_brin_idx,13051,RowExclusiveLock,t
1416640304.28756,lineitem_l_partkey_l_quantity_brin_idx,12840,AccessShareLock,t
1416640304.28756,lineitem_l_partkey_l_quantity_brin_idx,12918,AccessShareLock,t
1416640304.28756,lineitem_l_partkey_l_quantity_brin_idx,12966,AccessShareLock,t
1416640304.28756,lineitem_l_partkey_l_quantity_brin_idx,12930,AccessShareLock,t
1416640304.28756,lineitem_l_partkey_l_quantity_brin_idx,13021,AccessShareLock,t
1416640304.28756,lineitem_l_partkey_l_quantity_brin_idx,12942,AccessShareLock,t
1416640304.28756,lineitem_l_partkey_l_quantity_idx,13033,AccessShareLock,t
1416640304.28756,lineitem_l_partkey_l_quantity_idx,13051,RowExclusiveLock,t
1416640304.28756,lineitem_l_partkey_l_quantity_idx,12942,AccessShareLock,t
1416640304.28756,lineitem_l_partkey_l_quantity_idx,12810,AccessShareLock,t
1416640304.28756,lineitem_l_partkey_l_quantity_idx,12918,AccessShareLock,t
1416640304.28756,lineitem_l_partkey_l_quantity_idx,12840,AccessShareLock,t
1416640304.28756,lineitem_l_partkey_l_quantity_idx,12930,AccessShareLock,t
1416640304.28756,lineitem_l_partkey_l_quantity_idx,13021,AccessShareLock,t
1416640304.28756,lineitem_l_partkey_l_quantity_idx,12966,AccessShareLock,t
1416640304.28756,lineitem_l_shipdate_l_suppkey_brin_idx,12810,AccessShareLock,t
1416640304.28756,lineitem_l_shipdate_l_suppkey_brin_idx,12930,AccessShareLock,t
1416640304.28756,lineitem_l_shipdate_l_suppkey_brin_idx,13033,AccessShareLock,t
1416640304.28756,lineitem_l_shipdate_l_suppkey_brin_idx,13051,RowExclusiveLock,t
1416640304.28756,lineitem_l_shipdate_l_suppkey_brin_idx,12942,AccessShareLock,t
1416640304.28756,lineitem_l_shipdate_l_suppkey_brin_idx,12966,AccessShareLock,t
1416640304.28756,lineitem_l_shipdate_l_suppkey_brin_idx,13021,AccessShareLock,t
1416640304.28756,lineitem_l_shipdate_l_suppkey_brin_idx,12918,AccessShareLock,t
1416640304.28756,lineitem_l_shipdate_l_suppkey_brin_idx,12840,AccessShareLock,t
1416640304.28756,nation,12840,AccessShareLock,t
1416640304.28756,nation,12930,AccessShareLock,t
1416640304.28756,nation,12942,AccessShareLock,t
1416640304.28756,orders,12918,AccessShareLock,t
1416640304.28756,orders,13021,AccessShareLock,t
1416640304.28756,orders,12930,AccessShareLock,t
1416640304.28756,orders,12942,AccessShareLock,t
1416640304.28756,orders,12840,AccessShareLock,t
1416640304.28756,orders_o_orderdate_o_orderkey_brin_idx,12918,AccessShareLock,t
1416640304.28756,orders_o_orderdate_o_orderkey_brin_idx,13021,AccessShareLock,t
1416640304.28756,orders_o_orderdate_o_orderkey_brin_idx,12840,AccessShareLock,t
1416640304.28756,orders_o_orderdate_o_orderkey_brin_idx,12930,AccessShareLock,t
1416640304.28756,orders_o_orderdate_o_orderkey_brin_idx,12942,AccessShareLock,t
1416640304.28756,orders_o_orderkey_o_orderdate_brin_idx,13021,AccessShareLock,t
1416640304.28756,orders_o_orderkey_o_orderdate_brin_idx,12930,AccessShareLock,t
1416640304.28756,orders_o_orderkey_o_orderdate_brin_idx,12942,AccessShareLock,t
1416640304.28756,orders_o_orderkey_o_orderdate_brin_idx,12840,AccessShareLock,t
1416640304.28756,orders_o_orderkey_o_orderdate_brin_idx,12918,AccessShareLock,t
1416640304.28756,part,12942,AccessShareLock,t
1416640304.28756,part,13033,AccessShareLock,t
1416640304.28756,part,12930,AccessShareLock,t
1416640304.28756,part,12840,AccessShareLock,t
1416640304.28756,part_p_container_p_brand_p_partkey_idx,13033,AccessShareLock,t
1416640304.28756,part_p_container_p_brand_p_partkey_idx,12840,AccessShareLock,t
1416640304.28756,part_p_container_p_brand_p_partkey_idx,12942,AccessShareLock,t
1416640304.28756,part_p_container_p_brand_p_partkey_idx,12930,AccessShareLock,t
1416640304.28756,part_p_name_idx,12930,AccessShareLock,t
1416640304.28756,part_p_name_idx,12840,AccessShareLock,t
1416640304.28756,part_p_name_idx,13033,AccessShareLock,t
1416640304.28756,part_p_name_idx,12942,AccessShareLock,t
1416640304.28756,part_p_size_brin_idx,12930,AccessShareLock,t
1416640304.28756,part_p_size_brin_idx,13033,AccessShareLock,t
1416640304.28756,part_p_size_brin_idx,12942,AccessShareLock,t
1416640304.28756,part_p_size_brin_idx,12840,AccessShareLock,t
1416640304.28756,part_p_type_p_partkey_idx,12930,AccessShareLock,t
1416640304.28756,part_p_type_p_partkey_idx,12942,AccessShareLock,t
1416640304.28756,part_p_type_p_partkey_idx,13033,AccessShareLock,t
1416640304.28756,part_p_type_p_partkey_idx,12840,AccessShareLock,t
1416640304.28756,partsupp,12840,AccessShareLock,t
1416640304.28756,partsupp,12930,AccessShareLock,t
1416640304.28756,partsupp,12942,AccessShareLock,t
1416640304.28756,partsupp_ps_suppkey_idx,12942,AccessShareLock,t
1416640304.28756,partsupp_ps_suppkey_idx,12930,AccessShareLock,t
1416640304.28756,partsupp_ps_suppkey_idx,12840,AccessShareLock,t
1416640304.28756,pg_locks,13061,AccessShareLock,t
1416640304.28756,pg_stat_activity,13060,AccessShareLock,t
1416640304.28756,pg_stat_all_indexes,13062,AccessShareLock,t
1416640304.28756,pg_stat_all_tables,13063,AccessShareLock,t
1416640304.28756,pg_stat_database,13059,AccessShareLock,t
1416640304.28756,pg_statio_all_indexes,13062,AccessShareLock,t
1416640304.28756,pg_statio_all_tables,13063,AccessShareLock,t
1416640304.28756,pk_customer,12918,AccessShareLock,t
1416640304.28756,pk_lineitem,13033,AccessShareLock,t
1416640304.28756,pk_lineitem,12930,AccessShareLock,t
1416640304.28756,pk_lineitem,12840,AccessShareLock,t
1416640304.28756,pk_lineitem,12918,AccessShareLock,t
1416640304.28756,pk_lineitem,12810,AccessShareLock,t
1416640304.28756,pk_lineitem,13051,RowExclusiveLock,t
1416640304.28756,pk_lineitem,12942,AccessShareLock,t
1416640304.28756,pk_lineitem,12966,AccessShareLock,t
1416640304.28756,pk_lineitem,13021,AccessShareLock,t
1416640304.28756,pk_nation,12930,AccessShareLock,t
1416640304.28756,pk_nation,12840,AccessShareLock,t
1416640304.28756,pk_nation,12942,AccessShareLock,t
1416640304.28756,pk_orders,12840,AccessShareLock,t
1416640304.28756,pk_orders,12930,AccessShareLock,t
1416640304.28756,pk_orders,12942,AccessShareLock,t
1416640304.28756,pk_orders,13021,AccessShareLock,t
1416640304.28756,pk_orders,12918,AccessShareLock,t
1416640304.28756,pk_part,12942,AccessShareLock,t
1416640304.28756,pk_part,13033,AccessShareLock,t
1416640304.28756,pk_part,12840,AccessShareLock,t
1416640304.28756,pk_part,12930,AccessShareLock,t
1416640304.28756,pk_partsupp,12840,AccessShareLock,t
1416640304.28756,pk_partsupp,12930,AccessShareLock,t
1416640304.28756,pk_partsupp,12942,AccessShareLock,t
1416640304.28756,pk_supplier,12966,AccessShareLock,t
1416640304.28756,pk_supplier,12942,AccessShareLock,t
1416640304.28756,pk_supplier,12840,AccessShareLock,t
1416640304.28756,pk_supplier,12930,AccessShareLock,t
1416640304.28756,supplier,12930,AccessShareLock,t
1416640304.28756,supplier,12966,AccessShareLock,t
1416640304.28756,supplier,12942,AccessShareLock,t
1416640304.28756,supplier,12840,AccessShareLock,t
1416640304.28756,supplier_s_nationkey_s_suppkey_brin_idx,12930,AccessShareLock,t
1416640304.28756,supplier_s_nationkey_s_suppkey_brin_idx,12840,AccessShareLock,t
1416640304.28756,supplier_s_nationkey_s_suppkey_brin_idx,12942,AccessShareLock,t
1416640304.28756,supplier_s_nationkey_s_suppkey_brin_idx,12966,AccessShareLock,t
1416640304.28756,supplier_s_suppkey_idx_like,12930,AccessShareLock,t
1416640304.28756,supplier_s_suppkey_idx_like,12942,AccessShareLock,t
1416640304.28756,supplier_s_suppkey_idx_like,12840,AccessShareLock,t
1416640304.28756,supplier_s_suppkey_idx_like,12966,AccessShareLock,t
1416640364.28829,customer,13280,AccessShareLock,t
1416640364.28829,customer,13304,AccessShareLock,t
1416640364.28829,customer_c_mktsegment_c_custkey_idx,13280,AccessShareLock,t
1416640364.28829,customer_c_mktsegment_c_custkey_idx,13304,AccessShareLock,t
1416640364.28829,customer_c_nationkey_c_custkey_brin_idx,13304,AccessShareLock,t
1416640364.28829,customer_c_nationkey_c_custkey_brin_idx,13280,AccessShareLock,t
1416640364.28829,customer_c_phone_idx,13304,AccessShareLock,t
1416640364.28829,customer_c_phone_idx,13280,AccessShareLock,t
1416640364.28829,customer_c_phone_idx_c_acctbal,13280,AccessShareLock,t
1416640364.28829,customer_c_phone_idx_c_acctbal,13304,AccessShareLock,t
1416640364.28829,lineitem,13231,RowExclusiveLock,t
1416640364.28829,lineitem,13316,AccessShareLock,t
1416640364.28829,lineitem,13201,AccessShareLock,t
1416640364.28829,lineitem,13304,AccessShareLock,t
1416640364.28829,lineitem,13280,AccessShareLock,t
1416640364.28829,lineitem,13244,AccessShareLock,t
1416640364.28829,lineitem,13292,AccessShareLock,t
1416640364.28829,lineitem,13165,AccessShareLock,t
1416640364.28829,lineitem_l_orderkey_brin_idx,13316,AccessShareLock,t
1416640364.28829,lineitem_l_orderkey_brin_idx,13231,RowExclusiveLock,t
1416640364.28829,lineitem_l_orderkey_brin_idx,13244,AccessShareLock,t
1416640364.28829,lineitem_l_orderkey_brin_idx,13280,AccessShareLock,t
1416640364.28829,lineitem_l_orderkey_brin_idx,13292,AccessShareLock,t
1416640364.28829,lineitem_l_orderkey_brin_idx,13304,AccessShareLock,t
1416640364.28829,lineitem_l_orderkey_brin_idx,13165,AccessShareLock,t
1416640364.28829,lineitem_l_orderkey_brin_idx,13201,AccessShareLock,t
1416640364.28829,lineitem_l_orderkey_idx_brin_part1,13244,AccessShareLock,t
1416640364.28829,lineitem_l_orderkey_idx_brin_part1,13304,AccessShareLock,t
1416640364.28829,lineitem_l_orderkey_idx_brin_part1,13292,AccessShareLock,t
1416640364.28829,lineitem_l_orderkey_idx_brin_part1,13165,AccessShareLock,t
1416640364.28829,lineitem_l_orderkey_idx_brin_part1,13316,AccessShareLock,t
1416640364.28829,lineitem_l_orderkey_idx_brin_part1,13201,AccessShareLock,t
1416640364.28829,lineitem_l_orderkey_idx_brin_part1,13280,AccessShareLock,t
1416640364.28829,lineitem_l_orderkey_idx_brin_part1,13231,RowExclusiveLock,t
1416640364.28829,lineitem_l_orderkey_idx_brin_part2,13201,AccessShareLock,t
1416640364.28829,lineitem_l_orderkey_idx_brin_part2,13231,RowExclusiveLock,t
1416640364.28829,lineitem_l_orderkey_idx_brin_part2,13244,AccessShareLock,t
1416640364.28829,lineitem_l_orderkey_idx_brin_part2,13280,AccessShareLock,t
1416640364.28829,lineitem_l_orderkey_idx_brin_part2,13304,AccessShareLock,t
1416640364.28829,lineitem_l_orderkey_idx_brin_part2,13316,AccessShareLock,t
1416640364.28829,lineitem_l_orderkey_idx_brin_part2,13292,AccessShareLock,t
1416640364.28829,lineitem_l_orderkey_idx_brin_part2,13165,AccessShareLock,t
1416640364.28829,lineitem_l_orderkey_l_linenumber_l_shipdate_brin_idx,13231,RowExclusiveLock,t
1416640364.28829,lineitem_l_orderkey_l_linenumber_l_shipdate_brin_idx,13292,AccessShareLock,t
1416640364.28829,lineitem_l_orderkey_l_linenumber_l_shipdate_brin_idx,13316,AccessShareLock,t
1416640364.28829,lineitem_l_orderkey_l_linenumber_l_shipdate_brin_idx,13244,AccessShareLock,t
1416640364.28829,lineitem_l_orderkey_l_linenumber_l_shipdate_brin_idx,13165,AccessShareLock,t
1416640364.28829,lineitem_l_orderkey_l_linenumber_l_shipdate_brin_idx,13201,AccessShareLock,t
1416640364.28829,lineitem_l_orderkey_l_linenumber_l_shipdate_brin_idx,13304,AccessShareLock,t
1416640364.28829,lineitem_l_orderkey_l_linenumber_l_shipdate_brin_idx,13280,AccessShareLock,t
1416640364.28829,lineitem_l_partkey_l_quantity_brin_idx,13165,AccessShareLock,t
1416640364.28829,lineitem_l_partkey_l_quantity_brin_idx,13304,AccessShareLock,t
1416640364.28829,lineitem_l_partkey_l_quantity_brin_idx,13292,AccessShareLock,t
1416640364.28829,lineitem_l_partkey_l_quantity_brin_idx,13231,RowExclusiveLock,t
1416640364.28829,lineitem_l_partkey_l_quantity_brin_idx,13280,AccessShareLock,t
1416640364.28829,lineitem_l_partkey_l_quantity_brin_idx,13316,AccessShareLock,t
1416640364.28829,lineitem_l_partkey_l_quantity_brin_idx,13201,AccessShareLock,t
1416640364.28829,lineitem_l_partkey_l_quantity_brin_idx,13244,AccessShareLock,t
1416640364.28829,lineitem_l_partkey_l_quantity_idx,13292,AccessShareLock,t
1416640364.28829,lineitem_l_partkey_l_quantity_idx,13280,AccessShareLock,t
1416640364.28829,lineitem_l_partkey_l_quantity_idx,13231,RowExclusiveLock,t
1416640364.28829,lineitem_l_partkey_l_quantity_idx,13165,AccessShareLock,t
1416640364.28829,lineitem_l_partkey_l_quantity_idx,13304,AccessShareLock,t
1416640364.28829,lineitem_l_partkey_l_quantity_idx,13201,AccessShareLock,t
1416640364.28829,lineitem_l_partkey_l_quantity_idx,13316,AccessShareLock,t
1416640364.28829,lineitem_l_partkey_l_quantity_idx,13244,AccessShareLock,t
1416640364.28829,lineitem_l_shipdate_l_suppkey_brin_idx,13292,AccessShareLock,t
1416640364.28829,lineitem_l_shipdate_l_suppkey_brin_idx,13280,AccessShareLock,t
1416640364.28829,lineitem_l_shipdate_l_suppkey_brin_idx,13244,AccessShareLock,t
1416640364.28829,lineitem_l_shipdate_l_suppkey_brin_idx,13231,RowExclusiveLock,t
1416640364.28829,lineitem_l_shipdate_l_suppkey_brin_idx,13201,AccessShareLock,t
1416640364.28829,lineitem_l_shipdate_l_suppkey_brin_idx,13316,AccessShareLock,t
1416640364.28829,lineitem_l_shipdate_l_suppkey_brin_idx,13304,AccessShareLock,t
1416640364.28829,lineitem_l_shipdate_l_suppkey_brin_idx,13165,AccessShareLock,t
1416640364.28829,nation,13280,AccessShareLock,t
1416640364.28829,nation,13292,AccessShareLock,t
1416640364.28829,nation,13165,AccessShareLock,t
1416640364.28829,orders,13165,AccessShareLock,t
1416640364.28829,orders,13231,RowExclusiveLock,t
1416640364.28829,orders,13316,AccessShareLock,t
1416640364.28829,orders,13304,AccessShareLock,t
1416640364.28829,orders,13280,AccessShareLock,t
1416640364.28829,orders,13244,AccessShareLock,t
1416640364.28829,orders,13292,AccessShareLock,t
1416640364.28829,orders_o_orderdate_o_orderkey_brin_idx,13231,RowExclusiveLock,t
1416640364.28829,orders_o_orderdate_o_orderkey_brin_idx,13304,AccessShareLock,t
1416640364.28829,orders_o_orderdate_o_orderkey_brin_idx,13316,AccessShareLock,t
1416640364.28829,orders_o_orderdate_o_orderkey_brin_idx,13292,AccessShareLock,t
1416640364.28829,orders_o_orderdate_o_orderkey_brin_idx,13165,AccessShareLock,t
1416640364.28829,orders_o_orderdate_o_orderkey_brin_idx,13280,AccessShareLock,t
1416640364.28829,orders_o_orderdate_o_orderkey_brin_idx,13244,AccessShareLock,t
1416640364.28829,orders_o_orderkey_o_orderdate_brin_idx,13292,AccessShareLock,t
1416640364.28829,orders_o_orderkey_o_orderdate_brin_idx,13231,RowExclusiveLock,t
1416640364.28829,orders_o_orderkey_o_orderdate_brin_idx,13244,AccessShareLock,t
1416640364.28829,orders_o_orderkey_o_orderdate_brin_idx,13304,AccessShareLock,t
1416640364.28829,orders_o_orderkey_o_orderdate_brin_idx,13316,AccessShareLock,t
1416640364.28829,orders_o_orderkey_o_orderdate_brin_idx,13165,AccessShareLock,t
1416640364.28829,orders_o_orderkey_o_orderdate_brin_idx,13280,AccessShareLock,t
1416640364.28829,part,13292,AccessShareLock,t
1416640364.28829,part,13328,AccessShareLock,t
1416640364.28829,part,13165,AccessShareLock,t
1416640364.28829,part_p_container_p_brand_p_partkey_idx,13328,AccessShareLock,t
1416640364.28829,part_p_container_p_brand_p_partkey_idx,13165,AccessShareLock,t
1416640364.28829,part_p_container_p_brand_p_partkey_idx,13292,AccessShareLock,t
1416640364.28829,part_p_name_idx,13328,AccessShareLock,t
1416640364.28829,part_p_name_idx,13292,AccessShareLock,t
1416640364.28829,part_p_name_idx,13165,AccessShareLock,t
1416640364.28829,part_p_size_brin_idx,13165,AccessShareLock,t
1416640364.28829,part_p_size_brin_idx,13292,AccessShareLock,t
1416640364.28829,part_p_size_brin_idx,13328,AccessShareLock,t
1416640364.28829,part_p_type_p_partkey_idx,13165,AccessShareLock,t
1416640364.28829,part_p_type_p_partkey_idx,13292,AccessShareLock,t
1416640364.28829,part_p_type_p_partkey_idx,13328,AccessShareLock,t
1416640364.28829,partsupp,13328,AccessShareLock,t
1416640364.28829,partsupp,13292,AccessShareLock,t
1416640364.28829,partsupp,13165,AccessShareLock,t
1416640364.28829,partsupp_ps_suppkey_idx,13328,AccessShareLock,t
1416640364.28829,partsupp_ps_suppkey_idx,13165,AccessShareLock,t
1416640364.28829,partsupp_ps_suppkey_idx,13292,AccessShareLock,t
1416640364.28829,pg_locks,13336,AccessShareLock,t
1416640364.28829,pg_stat_activity,13337,AccessShareLock,t
1416640364.28829,pg_stat_all_indexes,13339,AccessShareLock,t
1416640364.28829,pg_stat_all_tables,13340,AccessShareLock,t
1416640364.28829,pg_stat_database,13338,AccessShareLock,t
1416640364.28829,pg_statio_all_indexes,13339,AccessShareLock,t
1416640364.28829,pg_statio_all_tables,13340,AccessShareLock,t
1416640364.28829,pk_customer,13280,AccessShareLock,t
1416640364.28829,pk_customer,13304,AccessShareLock,t
1416640364.28829,pk_lineitem,13231,RowExclusiveLock,t
1416640364.28829,pk_lineitem,13316,AccessShareLock,t
1416640364.28829,pk_lineitem,13201,AccessShareLock,t
1416640364.28829,pk_lineitem,13304,AccessShareLock,t
1416640364.28829,pk_lineitem,13280,AccessShareLock,t
1416640364.28829,pk_lineitem,13244,AccessShareLock,t
1416640364.28829,pk_lineitem,13292,AccessShareLock,t
1416640364.28829,pk_lineitem,13165,AccessShareLock,t
1416640364.28829,pk_nation,13165,AccessShareLock,t
1416640364.28829,pk_nation,13280,AccessShareLock,t
1416640364.28829,pk_nation,13292,AccessShareLock,t
1416640364.28829,pk_orders,13316,AccessShareLock,t
1416640364.28829,pk_orders,13280,AccessShareLock,t
1416640364.28829,pk_orders,13304,AccessShareLock,t
1416640364.28829,pk_orders,13165,AccessShareLock,t
1416640364.28829,pk_orders,13244,AccessShareLock,t
1416640364.28829,pk_orders,13292,AccessShareLock,t
1416640364.28829,pk_orders,13231,RowExclusiveLock,t
1416640364.28829,pk_part,13292,AccessShareLock,t
1416640364.28829,pk_part,13328,AccessShareLock,t
1416640364.28829,pk_part,13165,AccessShareLock,t
1416640364.28829,pk_partsupp,13292,AccessShareLock,t
1416640364.28829,pk_partsupp,13165,AccessShareLock,t
1416640364.28829,pk_partsupp,13328,AccessShareLock,t
1416640364.28829,pk_supplier,13328,AccessShareLock,t
1416640364.28829,pk_supplier,13165,AccessShareLock,t
1416640364.28829,pk_supplier,13292,AccessShareLock,t
1416640364.28829,pk_supplier,13280,AccessShareLock,t
1416640364.28829,pk_supplier,13201,AccessShareLock,t
1416640364.28829,supplier,13280,AccessShareLock,t
1416640364.28829,supplier,13201,AccessShareLock,t
1416640364.28829,supplier,13328,AccessShareLock,t
1416640364.28829,supplier,13165,AccessShareLock,t
1416640364.28829,supplier,13292,AccessShareLock,t
1416640364.28829,supplier_s_nationkey_s_suppkey_brin_idx,13292,AccessShareLock,t
1416640364.28829,supplier_s_nationkey_s_suppkey_brin_idx,13201,AccessShareLock,t
1416640364.28829,supplier_s_nationkey_s_suppkey_brin_idx,13328,AccessShareLock,t
1416640364.28829,supplier_s_nationkey_s_suppkey_brin_idx,13165,AccessShareLock,t
1416640364.28829,supplier_s_nationkey_s_suppkey_brin_idx,13280,AccessShareLock,t
1416640364.28829,supplier_s_suppkey_idx_like,13280,AccessShareLock,t
1416640364.28829,supplier_s_suppkey_idx_like,13165,AccessShareLock,t
1416640364.28829,supplier_s_suppkey_idx_like,13328,AccessShareLock,t
1416640364.28829,supplier_s_suppkey_idx_like,13201,AccessShareLock,t
1416640364.28829,supplier_s_suppkey_idx_like,13292,AccessShareLock,t
1416640424.29012,customer,13634,AccessShareLock,t
1416640424.29012,customer,13543,AccessShareLock,t
1416640424.29012,customer,13531,AccessShareLock,t
1416640424.29012,customer,13671,AccessShareLock,t
1416640424.29012,customer,13659,AccessShareLock,t
1416640424.29012,customer_c_mktsegment_c_custkey_idx,13543,AccessShareLock,t
1416640424.29012,customer_c_mktsegment_c_custkey_idx,13531,AccessShareLock,t
1416640424.29012,customer_c_mktsegment_c_custkey_idx,13634,AccessShareLock,t
1416640424.29012,customer_c_mktsegment_c_custkey_idx,13659,AccessShareLock,t
1416640424.29012,customer_c_mktsegment_c_custkey_idx,13671,AccessShareLock,t
1416640424.29012,customer_c_nationkey_c_custkey_brin_idx,13634,AccessShareLock,t
1416640424.29012,customer_c_nationkey_c_custkey_brin_idx,13531,AccessShareLock,t
1416640424.29012,customer_c_nationkey_c_custkey_brin_idx,13543,AccessShareLock,t
1416640424.29012,customer_c_nationkey_c_custkey_brin_idx,13671,AccessShareLock,t
1416640424.29012,customer_c_nationkey_c_custkey_brin_idx,13659,AccessShareLock,t
1416640424.29012,customer_c_phone_idx,13634,AccessShareLock,t
1416640424.29012,customer_c_phone_idx,13531,AccessShareLock,t
1416640424.29012,customer_c_phone_idx,13543,AccessShareLock,t
1416640424.29012,customer_c_phone_idx,13671,AccessShareLock,t
1416640424.29012,customer_c_phone_idx,13659,AccessShareLock,t
1416640424.29012,customer_c_phone_idx_c_acctbal,13543,AccessShareLock,t
1416640424.29012,customer_c_phone_idx_c_acctbal,13531,AccessShareLock,t
1416640424.29012,customer_c_phone_idx_c_acctbal,13634,AccessShareLock,t
1416640424.29012,customer_c_phone_idx_c_acctbal,13671,AccessShareLock,t
1416640424.29012,customer_c_phone_idx_c_acctbal,13659,AccessShareLock,t
1416640424.29012,lineitem,13494,AccessShareLock,t
1416640424.29012,lineitem,13659,AccessShareLock,t
1416640424.29012,lineitem,13671,AccessShareLock,t
1416640424.29012,lineitem,13292,AccessShareLock,t
1416640424.29012,lineitem,13635,AccessShareLock,t
1416640424.29012,lineitem,13543,AccessShareLock,t
1416640424.29012,lineitem,13531,AccessShareLock,t
1416640424.29012,lineitem_l_orderkey_brin_idx,13292,AccessShareLock,t
1416640424.29012,lineitem_l_orderkey_brin_idx,13659,AccessShareLock,t
1416640424.29012,lineitem_l_orderkey_brin_idx,13671,AccessShareLock,t
1416640424.29012,lineitem_l_orderkey_brin_idx,13635,AccessShareLock,t
1416640424.29012,lineitem_l_orderkey_brin_idx,13543,AccessShareLock,t
1416640424.29012,lineitem_l_orderkey_brin_idx,13531,AccessShareLock,t
1416640424.29012,lineitem_l_orderkey_brin_idx,13494,AccessShareLock,t
1416640424.29012,lineitem_l_orderkey_idx_brin_part1,13635,AccessShareLock,t
1416640424.29012,lineitem_l_orderkey_idx_brin_part1,13543,AccessShareLock,t
1416640424.29012,lineitem_l_orderkey_idx_brin_part1,13531,AccessShareLock,t
1416640424.29012,lineitem_l_orderkey_idx_brin_part1,13659,AccessShareLock,t
1416640424.29012,lineitem_l_orderkey_idx_brin_part1,13292,AccessShareLock,t
1416640424.29012,lineitem_l_orderkey_idx_brin_part1,13671,AccessShareLock,t
1416640424.29012,lineitem_l_orderkey_idx_brin_part1,13494,AccessShareLock,t
1416640424.29012,lineitem_l_orderkey_idx_brin_part2,13531,AccessShareLock,t
1416640424.29012,lineitem_l_orderkey_idx_brin_part2,13494,AccessShareLock,t
1416640424.29012,lineitem_l_orderkey_idx_brin_part2,13543,AccessShareLock,t
1416640424.29012,lineitem_l_orderkey_idx_brin_part2,13635,AccessShareLock,t
1416640424.29012,lineitem_l_orderkey_idx_brin_part2,13671,AccessShareLock,t
1416640424.29012,lineitem_l_orderkey_idx_brin_part2,13659,AccessShareLock,t
1416640424.29012,lineitem_l_orderkey_idx_brin_part2,13292,AccessShareLock,t
1416640424.29012,lineitem_l_orderkey_l_linenumber_l_shipdate_brin_idx,13543,AccessShareLock,t
1416640424.29012,lineitem_l_orderkey_l_linenumber_l_shipdate_brin_idx,13531,AccessShareLock,t
1416640424.29012,lineitem_l_orderkey_l_linenumber_l_shipdate_brin_idx,13292,AccessShareLock,t
1416640424.29012,lineitem_l_orderkey_l_linenumber_l_shipdate_brin_idx,13635,AccessShareLock,t
1416640424.29012,lineitem_l_orderkey_l_linenumber_l_shipdate_brin_idx,13671,AccessShareLock,t
1416640424.29012,lineitem_l_orderkey_l_linenumber_l_shipdate_brin_idx,13659,AccessShareLock,t
1416640424.29012,lineitem_l_orderkey_l_linenumber_l_shipdate_brin_idx,13494,AccessShareLock,t
1416640424.29012,lineitem_l_partkey_l_quantity_brin_idx,13635,AccessShareLock,t
1416640424.29012,lineitem_l_partkey_l_quantity_brin_idx,13543,AccessShareLock,t
1416640424.29012,lineitem_l_partkey_l_quantity_brin_idx,13531,AccessShareLock,t
1416640424.29012,lineitem_l_partkey_l_quantity_brin_idx,13292,AccessShareLock,t
1416640424.29012,lineitem_l_partkey_l_quantity_brin_idx,13671,AccessShareLock,t
1416640424.29012,lineitem_l_partkey_l_quantity_brin_idx,13494,AccessShareLock,t
1416640424.29012,lineitem_l_partkey_l_quantity_brin_idx,13659,AccessShareLock,t
1416640424.29012,lineitem_l_partkey_l_quantity_idx,13543,AccessShareLock,t
1416640424.29012,lineitem_l_partkey_l_quantity_idx,13531,AccessShareLock,t
1416640424.29012,lineitem_l_partkey_l_quantity_idx,13494,AccessShareLock,t
1416640424.29012,lineitem_l_partkey_l_quantity_idx,13635,AccessShareLock,t
1416640424.29012,lineitem_l_partkey_l_quantity_idx,13292,AccessShareLock,t
1416640424.29012,lineitem_l_partkey_l_quantity_idx,13671,AccessShareLock,t
1416640424.29012,lineitem_l_partkey_l_quantity_idx,13659,AccessShareLock,t
1416640424.29012,lineitem_l_shipdate_l_suppkey_brin_idx,13635,AccessShareLock,t
1416640424.29012,lineitem_l_shipdate_l_suppkey_brin_idx,13292,AccessShareLock,t
1416640424.29012,lineitem_l_shipdate_l_suppkey_brin_idx,13671,AccessShareLock,t
1416640424.29012,lineitem_l_shipdate_l_suppkey_brin_idx,13659,AccessShareLock,t
1416640424.29012,lineitem_l_shipdate_l_suppkey_brin_idx,13543,AccessShareLock,t
1416640424.29012,lineitem_l_shipdate_l_suppkey_brin_idx,13494,AccessShareLock,t
1416640424.29012,lineitem_l_shipdate_l_suppkey_brin_idx,13531,AccessShareLock,t
1416640424.29012,nation,13531,AccessShareLock,t
1416640424.29012,nation,13292,AccessShareLock,t
1416640424.29012,orders,13292,AccessShareLock,t
1416640424.29012,orders,13659,AccessShareLock,t
1416640424.29012,orders,13634,AccessShareLock,t
1416640424.29012,orders,13531,AccessShareLock,t
1416640424.29012,orders,13543,AccessShareLock,t
1416640424.29012,orders,13635,AccessShareLock,t
1416640424.29012,orders,13671,AccessShareLock,t
1416640424.29012,orders_o_orderdate_o_orderkey_brin_idx,13634,AccessShareLock,t
1416640424.29012,orders_o_orderdate_o_orderkey_brin_idx,13292,AccessShareLock,t
1416640424.29012,orders_o_orderdate_o_orderkey_brin_idx,13659,AccessShareLock,t
1416640424.29012,orders_o_orderdate_o_orderkey_brin_idx,13671,AccessShareLock,t
1416640424.29012,orders_o_orderdate_o_orderkey_brin_idx,13635,AccessShareLock,t
1416640424.29012,orders_o_orderdate_o_orderkey_brin_idx,13543,AccessShareLock,t
1416640424.29012,orders_o_orderdate_o_orderkey_brin_idx,13531,AccessShareLock,t
1416640424.29012,orders_o_orderkey_o_orderdate_brin_idx,13543,AccessShareLock,t
1416640424.29012,orders_o_orderkey_o_orderdate_brin_idx,13671,AccessShareLock,t
1416640424.29012,orders_o_orderkey_o_orderdate_brin_idx,13659,AccessShareLock,t
1416640424.29012,orders_o_orderkey_o_orderdate_brin_idx,13292,AccessShareLock,t
1416640424.29012,orders_o_orderkey_o_orderdate_brin_idx,13634,AccessShareLock,t
1416640424.29012,orders_o_orderkey_o_orderdate_brin_idx,13531,AccessShareLock,t
1416640424.29012,orders_o_orderkey_o_orderdate_brin_idx,13635,AccessShareLock,t
1416640424.29012,part,13292,AccessShareLock,t
1416640424.29012,part_p_container_p_brand_p_partkey_idx,13292,AccessShareLock,t
1416640424.29012,part_p_name_idx,13292,AccessShareLock,t
1416640424.29012,part_p_size_brin_idx,13292,AccessShareLock,t
1416640424.29012,part_p_type_p_partkey_idx,13292,AccessShareLock,t
1416640424.29012,partsupp,13292,AccessShareLock,t
1416640424.29012,partsupp_ps_suppkey_idx,13292,AccessShareLock,t
1416640424.29012,pg_locks,13681,AccessShareLock,t
1416640424.29012,pg_stat_activity,13680,AccessShareLock,t
1416640424.29012,pg_stat_all_indexes,13682,AccessShareLock,t
1416640424.29012,pg_stat_all_tables,13679,AccessShareLock,t
1416640424.29012,pg_stat_database,13683,AccessShareLock,t
1416640424.29012,pg_statio_all_indexes,13682,AccessShareLock,t
1416640424.29012,pg_statio_all_tables,13679,AccessShareLock,t
1416640424.29012,pk_customer,13543,AccessShareLock,t
1416640424.29012,pk_customer,13659,AccessShareLock,t
1416640424.29012,pk_customer,13634,AccessShareLock,t
1416640424.29012,pk_customer,13531,AccessShareLock,t
1416640424.29012,pk_customer,13671,AccessShareLock,t
1416640424.29012,pk_lineitem,13292,AccessShareLock,t
1416640424.29012,pk_lineitem,13531,AccessShareLock,t
1416640424.29012,pk_lineitem,13494,AccessShareLock,t
1416640424.29012,pk_lineitem,13543,AccessShareLock,t
1416640424.29012,pk_lineitem,13635,AccessShareLock,t
1416640424.29012,pk_lineitem,13659,AccessShareLock,t
1416640424.29012,pk_lineitem,13671,AccessShareLock,t
1416640424.29012,pk_nation,13292,AccessShareLock,t
1416640424.29012,pk_nation,13531,AccessShareLock,t
1416640424.29012,pk_orders,13531,AccessShareLock,t
1416640424.29012,pk_orders,13634,AccessShareLock,t
1416640424.29012,pk_orders,13292,AccessShareLock,t
1416640424.29012,pk_orders,13635,AccessShareLock,t
1416640424.29012,pk_orders,13543,AccessShareLock,t
1416640424.29012,pk_orders,13659,AccessShareLock,t
1416640424.29012,pk_orders,13671,AccessShareLock,t
1416640424.29012,pk_part,13292,AccessShareLock,t
1416640424.29012,pk_partsupp,13292,AccessShareLock,t
1416640424.29012,pk_supplier,13292,AccessShareLock,t
1416640424.29012,supplier,13292,AccessShareLock,t
1416640424.29012,supplier_s_nationkey_s_suppkey_brin_idx,13292,AccessShareLock,t
1416640424.29012,supplier_s_suppkey_idx_like,13292,AccessShareLock,t
1416640484.29199,customer,13659,AccessShareLock,t
1416640484.29199,customer,13738,AccessShareLock,t
1416640484.29199,customer,13825,AccessShareLock,t
1416640484.29199,customer_c_mktsegment_c_custkey_idx,13825,AccessShareLock,t
1416640484.29199,customer_c_mktsegment_c_custkey_idx,13659,AccessShareLock,t
1416640484.29199,customer_c_mktsegment_c_custkey_idx,13738,AccessShareLock,t
1416640484.29199,customer_c_nationkey_c_custkey_brin_idx,13825,AccessShareLock,t
1416640484.29199,customer_c_nationkey_c_custkey_brin_idx,13659,AccessShareLock,t
1416640484.29199,customer_c_nationkey_c_custkey_brin_idx,13738,AccessShareLock,t
1416640484.29199,customer_c_phone_idx,13825,AccessShareLock,t
1416640484.29199,customer_c_phone_idx,13659,AccessShareLock,t
1416640484.29199,customer_c_phone_idx,13738,AccessShareLock,t
1416640484.29199,customer_c_phone_idx_c_acctbal,13659,AccessShareLock,t
1416640484.29199,customer_c_phone_idx_c_acctbal,13825,AccessShareLock,t
1416640484.29199,customer_c_phone_idx_c_acctbal,13738,AccessShareLock,t
1416640484.29199,lineitem,13873,AccessShareLock,t
1416640484.29199,lineitem,13861,AccessShareLock,t
1416640484.29199,lineitem,13849,AccessShareLock,t
1416640484.29199,lineitem,13909,AccessShareLock,t
1416640484.29199,lineitem,13738,AccessShareLock,t
1416640484.29199,lineitem,13659,AccessShareLock,t
1416640484.29199,lineitem_l_orderkey_brin_idx,13659,AccessShareLock,t
1416640484.29199,lineitem_l_orderkey_brin_idx,13873,AccessShareLock,t
1416640484.29199,lineitem_l_orderkey_brin_idx,13861,AccessShareLock,t
1416640484.29199,lineitem_l_orderkey_brin_idx,13849,AccessShareLock,t
1416640484.29199,lineitem_l_orderkey_brin_idx,13738,AccessShareLock,t
1416640484.29199,lineitem_l_orderkey_brin_idx,13909,AccessShareLock,t
1416640484.29199,lineitem_l_orderkey_idx_brin_part1,13861,AccessShareLock,t
1416640484.29199,lineitem_l_orderkey_idx_brin_part1,13873,AccessShareLock,t
1416640484.29199,lineitem_l_orderkey_idx_brin_part1,13659,AccessShareLock,t
1416640484.29199,lineitem_l_orderkey_idx_brin_part1,13849,AccessShareLock,t
1416640484.29199,lineitem_l_orderkey_idx_brin_part1,13909,AccessShareLock,t
1416640484.29199,lineitem_l_orderkey_idx_brin_part1,13738,AccessShareLock,t
1416640484.29199,lineitem_l_orderkey_idx_brin_part2,13738,AccessShareLock,t
1416640484.29199,lineitem_l_orderkey_idx_brin_part2,13861,AccessShareLock,t
1416640484.29199,lineitem_l_orderkey_idx_brin_part2,13873,AccessShareLock,t
1416640484.29199,lineitem_l_orderkey_idx_brin_part2,13659,AccessShareLock,t
1416640484.29199,lineitem_l_orderkey_idx_brin_part2,13909,AccessShareLock,t
1416640484.29199,lineitem_l_orderkey_idx_brin_part2,13849,AccessShareLock,t
1416640484.29199,lineitem_l_orderkey_l_linenumber_l_shipdate_brin_idx,13849,AccessShareLock,t
1416640484.29199,lineitem_l_orderkey_l_linenumber_l_shipdate_brin_idx,13909,AccessShareLock,t
1416640484.29199,lineitem_l_orderkey_l_linenumber_l_shipdate_brin_idx,13659,AccessShareLock,t
1416640484.29199,lineitem_l_orderkey_l_linenumber_l_shipdate_brin_idx,13873,AccessShareLock,t
1416640484.29199,lineitem_l_orderkey_l_linenumber_l_shipdate_brin_idx,13861,AccessShareLock,t
1416640484.29199,lineitem_l_orderkey_l_linenumber_l_shipdate_brin_idx,13738,AccessShareLock,t
1416640484.29199,lineitem_l_partkey_l_quantity_brin_idx,13909,AccessShareLock,t
1416640484.29199,lineitem_l_partkey_l_quantity_brin_idx,13738,AccessShareLock,t
1416640484.29199,lineitem_l_partkey_l_quantity_brin_idx,13873,AccessShareLock,t
1416640484.29199,lineitem_l_partkey_l_quantity_brin_idx,13861,AccessShareLock,t
1416640484.29199,lineitem_l_partkey_l_quantity_brin_idx,13849,AccessShareLock,t
1416640484.29199,lineitem_l_partkey_l_quantity_brin_idx,13659,AccessShareLock,t
1416640484.29199,lineitem_l_partkey_l_quantity_idx,13849,AccessShareLock,t
1416640484.29199,lineitem_l_partkey_l_quantity_idx,13861,AccessShareLock,t
1416640484.29199,lineitem_l_partkey_l_quantity_idx,13659,AccessShareLock,t
1416640484.29199,lineitem_l_partkey_l_quantity_idx,13873,AccessShareLock,t
1416640484.29199,lineitem_l_partkey_l_quantity_idx,13738,AccessShareLock,t
1416640484.29199,lineitem_l_partkey_l_quantity_idx,13909,AccessShareLock,t
1416640484.29199,lineitem_l_shipdate_l_suppkey_brin_idx,13849,AccessShareLock,t
1416640484.29199,lineitem_l_shipdate_l_suppkey_brin_idx,13873,AccessShareLock,t
1416640484.29199,lineitem_l_shipdate_l_suppkey_brin_idx,13738,AccessShareLock,t
1416640484.29199,lineitem_l_shipdate_l_suppkey_brin_idx,13861,AccessShareLock,t
1416640484.29199,lineitem_l_shipdate_l_suppkey_brin_idx,13909,AccessShareLock,t
1416640484.29199,lineitem_l_shipdate_l_suppkey_brin_idx,13659,AccessShareLock,t
1416640484.29199,nation,13885,AccessShareLock,t
1416640484.29199,nation,13909,AccessShareLock,t
1416640484.29199,orders,13849,AccessShareLock,t
1416640484.29199,orders,13738,AccessShareLock,t
1416640484.29199,orders,13659,AccessShareLock,t
1416640484.29199,orders,13825,AccessShareLock,t
1416640484.29199,orders,13909,AccessShareLock,t
1416640484.29199,orders_o_orderdate_o_orderkey_brin_idx,13909,AccessShareLock,t
1416640484.29199,orders_o_orderdate_o_orderkey_brin_idx,13825,AccessShareLock,t
1416640484.29199,orders_o_orderdate_o_orderkey_brin_idx,13659,AccessShareLock,t
1416640484.29199,orders_o_orderdate_o_orderkey_brin_idx,13738,AccessShareLock,t
1416640484.29199,orders_o_orderdate_o_orderkey_brin_idx,13849,AccessShareLock,t
1416640484.29199,orders_o_orderkey_o_orderdate_brin_idx,13849,AccessShareLock,t
1416640484.29199,orders_o_orderkey_o_orderdate_brin_idx,13909,AccessShareLock,t
1416640484.29199,orders_o_orderkey_o_orderdate_brin_idx,13738,AccessShareLock,t
1416640484.29199,orders_o_orderkey_o_orderdate_brin_idx,13825,AccessShareLock,t
1416640484.29199,orders_o_orderkey_o_orderdate_brin_idx,13659,AccessShareLock,t
1416640484.29199,part,13885,AccessShareLock,t
1416640484.29199,part,13909,AccessShareLock,t
1416640484.29199,part_p_container_p_brand_p_partkey_idx,13885,AccessShareLock,t
1416640484.29199,part_p_container_p_brand_p_partkey_idx,13909,AccessShareLock,t
1416640484.29199,part_p_name_idx,13885,AccessShareLock,t
1416640484.29199,part_p_name_idx,13909,AccessShareLock,t
1416640484.29199,part_p_size_brin_idx,13885,AccessShareLock,t
1416640484.29199,part_p_size_brin_idx,13909,AccessShareLock,t
1416640484.29199,part_p_type_p_partkey_idx,13885,AccessShareLock,t
1416640484.29199,part_p_type_p_partkey_idx,13909,AccessShareLock,t
1416640484.29199,partsupp,13885,AccessShareLock,t
1416640484.29199,partsupp,13909,AccessShareLock,t
1416640484.29199,partsupp_ps_suppkey_idx,13885,AccessShareLock,t
1416640484.29199,partsupp_ps_suppkey_idx,13909,AccessShareLock,t
1416640484.29199,pg_locks,13917,AccessShareLock,t
1416640484.29199,pg_stat_activity,13919,AccessShareLock,t
1416640484.29199,pg_stat_all_indexes,13921,AccessShareLock,t
1416640484.29199,pg_stat_all_tables,13920,AccessShareLock,t
1416640484.29199,pg_stat_database,13918,AccessShareLock,t
1416640484.29199,pg_statio_all_indexes,13921,AccessShareLock,t
1416640484.29199,pg_statio_all_tables,13920,AccessShareLock,t
1416640484.29199,pk_customer,13825,AccessShareLock,t
1416640484.29199,pk_customer,13659,AccessShareLock,t
1416640484.29199,pk_customer,13738,AccessShareLock,t
1416640484.29199,pk_lineitem,13861,AccessShareLock,t
1416640484.29199,pk_lineitem,13738,AccessShareLock,t
1416640484.29199,pk_lineitem,13909,AccessShareLock,t
1416640484.29199,pk_lineitem,13849,AccessShareLock,t
1416640484.29199,pk_lineitem,13873,AccessShareLock,t
1416640484.29199,pk_lineitem,13659,AccessShareLock,t
1416640484.29199,pk_nation,13909,AccessShareLock,t
1416640484.29199,pk_nation,13885,AccessShareLock,t
1416640484.29199,pk_orders,13738,AccessShareLock,t
1416640484.29199,pk_orders,13849,AccessShareLock,t
1416640484.29199,pk_orders,13825,AccessShareLock,t
1416640484.29199,pk_orders,13659,AccessShareLock,t
1416640484.29199,pk_orders,13909,AccessShareLock,t
1416640484.29199,pk_part,13909,AccessShareLock,t
1416640484.29199,pk_part,13885,AccessShareLock,t
1416640484.29199,pk_partsupp,13885,AccessShareLock,t
1416640484.29199,pk_partsupp,13909,AccessShareLock,t
1416640484.29199,pk_region,13885,AccessShareLock,t
1416640484.29199,pk_supplier,13885,AccessShareLock,t
1416640484.29199,pk_supplier,13909,AccessShareLock,t
1416640484.29199,pk_supplier,13861,AccessShareLock,t
1416640484.29199,region,13885,AccessShareLock,t
1416640484.29199,supplier,13909,AccessShareLock,t
1416640484.29199,supplier,13885,AccessShareLock,t
1416640484.29199,supplier,13861,AccessShareLock,t
1416640484.29199,supplier_s_nationkey_s_suppkey_brin_idx,13885,AccessShareLock,t
1416640484.29199,supplier_s_nationkey_s_suppkey_brin_idx,13909,AccessShareLock,t
1416640484.29199,supplier_s_nationkey_s_suppkey_brin_idx,13861,AccessShareLock,t
1416640484.29199,supplier_s_suppkey_idx_like,13885,AccessShareLock,t
1416640484.29199,supplier_s_suppkey_idx_like,13909,AccessShareLock,t
1416640484.29199,supplier_s_suppkey_idx_like,13861,AccessShareLock,t
1416640544.29342,customer,14092,AccessShareLock,t
1416640544.29342,customer_c_mktsegment_c_custkey_idx,14092,AccessShareLock,t
1416640544.29342,customer_c_nationkey_c_custkey_brin_idx,14092,AccessShareLock,t
1416640544.29342,customer_c_phone_idx,14092,AccessShareLock,t
1416640544.29342,customer_c_phone_idx_c_acctbal,14092,AccessShareLock,t
1416640544.29342,lineitem,13951,AccessShareLock,t
1416640544.29342,lineitem,14043,AccessShareLock,t
1416640544.29342,lineitem,13909,AccessShareLock,t
1416640544.29342,lineitem,14080,AccessShareLock,t
1416640544.29342,lineitem,14031,AccessShareLock,t
1416640544.29342,lineitem,14092,AccessShareLock,t
1416640544.29342,lineitem_l_orderkey_brin_idx,14092,AccessShareLock,t
1416640544.29342,lineitem_l_orderkey_brin_idx,14080,AccessShareLock,t
1416640544.29342,lineitem_l_orderkey_brin_idx,14031,AccessShareLock,t
1416640544.29342,lineitem_l_orderkey_brin_idx,13951,AccessShareLock,t
1416640544.29342,lineitem_l_orderkey_brin_idx,14043,AccessShareLock,t
1416640544.29342,lineitem_l_orderkey_brin_idx,13909,AccessShareLock,t
1416640544.29342,lineitem_l_orderkey_idx_brin_part1,14092,AccessShareLock,t
1416640544.29342,lineitem_l_orderkey_idx_brin_part1,14031,AccessShareLock,t
1416640544.29342,lineitem_l_orderkey_idx_brin_part1,14080,AccessShareLock,t
1416640544.29342,lineitem_l_orderkey_idx_brin_part1,14043,AccessShareLock,t
1416640544.29342,lineitem_l_orderkey_idx_brin_part1,13909,AccessShareLock,t
1416640544.29342,lineitem_l_orderkey_idx_brin_part1,13951,AccessShareLock,t
1416640544.29342,lineitem_l_orderkey_idx_brin_part2,13909,AccessShareLock,t
1416640544.29342,lineitem_l_orderkey_idx_brin_part2,13951,AccessShareLock,t
1416640544.29342,lineitem_l_orderkey_idx_brin_part2,14092,AccessShareLock,t
1416640544.29342,lineitem_l_orderkey_idx_brin_part2,14031,AccessShareLock,t
1416640544.29342,lineitem_l_orderkey_idx_brin_part2,14080,AccessShareLock,t
1416640544.29342,lineitem_l_orderkey_idx_brin_part2,14043,AccessShareLock,t
1416640544.29342,lineitem_l_orderkey_l_linenumber_l_shipdate_brin_idx,13951,AccessShareLock,t
1416640544.29342,lineitem_l_orderkey_l_linenumber_l_shipdate_brin_idx,13909,AccessShareLock,t
1416640544.29342,lineitem_l_orderkey_l_linenumber_l_shipdate_brin_idx,14043,AccessShareLock,t
1416640544.29342,lineitem_l_orderkey_l_linenumber_l_shipdate_brin_idx,14080,AccessShareLock,t
1416640544.29342,lineitem_l_orderkey_l_linenumber_l_shipdate_brin_idx,14031,AccessShareLock,t
1416640544.29342,lineitem_l_orderkey_l_linenumber_l_shipdate_brin_idx,14092,AccessShareLock,t
1416640544.29342,lineitem_l_partkey_l_quantity_brin_idx,13951,AccessShareLock,t
1416640544.29342,lineitem_l_partkey_l_quantity_brin_idx,14092,AccessShareLock,t
1416640544.29342,lineitem_l_partkey_l_quantity_brin_idx,13909,AccessShareLock,t
1416640544.29342,lineitem_l_partkey_l_quantity_brin_idx,14043,AccessShareLock,t
1416640544.29342,lineitem_l_partkey_l_quantity_brin_idx,14080,AccessShareLock,t
1416640544.29342,lineitem_l_partkey_l_quantity_brin_idx,14031,AccessShareLock,t
1416640544.29342,lineitem_l_partkey_l_quantity_idx,14043,AccessShareLock,t
1416640544.29342,lineitem_l_partkey_l_quantity_idx,13951,AccessShareLock,t
1416640544.29342,lineitem_l_partkey_l_quantity_idx,14092,AccessShareLock,t
1416640544.29342,lineitem_l_partkey_l_quantity_idx,14031,AccessShareLock,t
1416640544.29342,lineitem_l_partkey_l_quantity_idx,14080,AccessShareLock,t
1416640544.29342,lineitem_l_partkey_l_quantity_idx,13909,AccessShareLock,t
1416640544.29342,lineitem_l_shipdate_l_suppkey_brin_idx,14031,AccessShareLock,t
1416640544.29342,lineitem_l_shipdate_l_suppkey_brin_idx,14092,AccessShareLock,t
1416640544.29342,lineitem_l_shipdate_l_suppkey_brin_idx,13909,AccessShareLock,t
1416640544.29342,lineitem_l_shipdate_l_suppkey_brin_idx,13951,AccessShareLock,t
1416640544.29342,lineitem_l_shipdate_l_suppkey_brin_idx,14043,AccessShareLock,t
1416640544.29342,lineitem_l_shipdate_l_suppkey_brin_idx,14080,AccessShareLock,t
1416640544.29342,nation,14092,AccessShareLock,t
1416640544.29342,nation,13909,AccessShareLock,t
1416640544.29342,nation,14129,AccessShareLock,t
1416640544.29342,orders,14092,AccessShareLock,t
1416640544.29342,orders,14080,AccessShareLock,t
1416640544.29342,orders,13909,AccessShareLock,t
1416640544.29342,orders_o_orderdate_o_orderkey_brin_idx,14092,AccessShareLock,t
1416640544.29342,orders_o_orderdate_o_orderkey_brin_idx,14080,AccessShareLock,t
1416640544.29342,orders_o_orderdate_o_orderkey_brin_idx,13909,AccessShareLock,t
1416640544.29342,orders_o_orderkey_o_orderdate_brin_idx,14092,AccessShareLock,t
1416640544.29342,orders_o_orderkey_o_orderdate_brin_idx,13909,AccessShareLock,t
1416640544.29342,orders_o_orderkey_o_orderdate_brin_idx,14080,AccessShareLock,t
1416640544.29342,part,14129,AccessShareLock,t
1416640544.29342,part,13909,AccessShareLock,t
1416640544.29342,part_p_container_p_brand_p_partkey_idx,13909,AccessShareLock,t
1416640544.29342,part_p_container_p_brand_p_partkey_idx,14129,AccessShareLock,t
1416640544.29342,part_p_name_idx,13909,AccessShareLock,t
1416640544.29342,part_p_name_idx,14129,AccessShareLock,t
1416640544.29342,part_p_size_brin_idx,14129,AccessShareLock,t
1416640544.29342,part_p_size_brin_idx,13909,AccessShareLock,t
1416640544.29342,part_p_type_p_partkey_idx,13909,AccessShareLock,t
1416640544.29342,part_p_type_p_partkey_idx,14129,AccessShareLock,t
1416640544.29342,partsupp,13909,AccessShareLock,t
1416640544.29342,partsupp,14129,AccessShareLock,t
1416640544.29342,partsupp_ps_suppkey_idx,13909,AccessShareLock,t
1416640544.29342,partsupp_ps_suppkey_idx,14129,AccessShareLock,t
1416640544.29342,pg_locks,14141,AccessShareLock,t
1416640544.29342,pg_stat_activity,14145,AccessShareLock,t
1416640544.29342,pg_stat_all_indexes,14146,AccessShareLock,t
1416640544.29342,pg_stat_all_tables,14147,AccessShareLock,t
1416640544.29342,pg_stat_database,14143,AccessShareLock,t
1416640544.29342,pg_statio_all_indexes,14146,AccessShareLock,t
1416640544.29342,pg_statio_all_tables,14147,AccessShareLock,t
1416640544.29342,pk_customer,14092,AccessShareLock,t
1416640544.29342,pk_lineitem,13909,AccessShareLock,t
1416640544.29342,pk_lineitem,14080,AccessShareLock,t
1416640544.29342,pk_lineitem,14031,AccessShareLock,t
1416640544.29342,pk_lineitem,13951,AccessShareLock,t
1416640544.29342,pk_lineitem,14092,AccessShareLock,t
1416640544.29342,pk_lineitem,14043,AccessShareLock,t
1416640544.29342,pk_nation,13909,AccessShareLock,t
1416640544.29342,pk_nation,14129,AccessShareLock,t
1416640544.29342,pk_nation,14092,AccessShareLock,t
1416640544.29342,pk_orders,13909,AccessShareLock,t
1416640544.29342,pk_orders,14080,AccessShareLock,t
1416640544.29342,pk_orders,14092,AccessShareLock,t
1416640544.29342,pk_part,14129,AccessShareLock,t
1416640544.29342,pk_part,13909,AccessShareLock,t
1416640544.29342,pk_partsupp,14129,AccessShareLock,t
1416640544.29342,pk_partsupp,13909,AccessShareLock,t
1416640544.29342,pk_region,14129,AccessShareLock,t
1416640544.29342,pk_supplier,13909,AccessShareLock,t
1416640544.29342,pk_supplier,14129,AccessShareLock,t
1416640544.29342,region,14129,AccessShareLock,t
1416640544.29342,supplier,13909,AccessShareLock,t
1416640544.29342,supplier,14129,AccessShareLock,t
1416640544.29342,supplier_s_nationkey_s_suppkey_brin_idx,13909,AccessShareLock,t
1416640544.29342,supplier_s_nationkey_s_suppkey_brin_idx,14129,AccessShareLock,t
1416640544.29342,supplier_s_suppkey_idx_like,13909,AccessShareLock,t
1416640544.29342,supplier_s_suppkey_idx_like,14129,AccessShareLock,t
1416640604.29581,customer,14327,AccessShareLock,t
1416640604.29581,customer,14339,AccessShareLock,t
1416640604.29581,customer,14255,AccessShareLock,t
1416640604.29581,customer_c_mktsegment_c_custkey_idx,14339,AccessShareLock,t
1416640604.29581,customer_c_mktsegment_c_custkey_idx,14327,AccessShareLock,t
1416640604.29581,customer_c_mktsegment_c_custkey_idx,14255,AccessShareLock,t
1416640604.29581,customer_c_nationkey_c_custkey_brin_idx,14339,AccessShareLock,t
1416640604.29581,customer_c_nationkey_c_custkey_brin_idx,14327,AccessShareLock,t
1416640604.29581,customer_c_nationkey_c_custkey_brin_idx,14255,AccessShareLock,t
1416640604.29581,customer_c_phone_idx,14339,AccessShareLock,t
1416640604.29581,customer_c_phone_idx,14327,AccessShareLock,t
1416640604.29581,customer_c_phone_idx,14255,AccessShareLock,t
1416640604.29581,customer_c_phone_idx_c_acctbal,14255,AccessShareLock,t
1416640604.29581,customer_c_phone_idx_c_acctbal,14327,AccessShareLock,t
1416640604.29581,customer_c_phone_idx_c_acctbal,14339,AccessShareLock,t
1416640604.29581,lineitem,14351,AccessShareLock,t
1416640604.29581,lineitem,14291,AccessShareLock,t
1416640604.29581,lineitem,14279,AccessShareLock,t
1416640604.29581,lineitem,14267,AccessShareLock,t
1416640604.29581,lineitem,14315,AccessShareLock,t
1416640604.29581,lineitem,14339,AccessShareLock,t
1416640604.29581,lineitem_l_orderkey_brin_idx,14279,AccessShareLock,t
1416640604.29581,lineitem_l_orderkey_brin_idx,14315,AccessShareLock,t
1416640604.29581,lineitem_l_orderkey_brin_idx,14267,AccessShareLock,t
1416640604.29581,lineitem_l_orderkey_brin_idx,14351,AccessShareLock,t
1416640604.29581,lineitem_l_orderkey_brin_idx,14339,AccessShareLock,t
1416640604.29581,lineitem_l_orderkey_brin_idx,14291,AccessShareLock,t
1416640604.29581,lineitem_l_orderkey_idx_brin_part1,14351,AccessShareLock,t
1416640604.29581,lineitem_l_orderkey_idx_brin_part1,14291,AccessShareLock,t
1416640604.29581,lineitem_l_orderkey_idx_brin_part1,14339,AccessShareLock,t
1416640604.29581,lineitem_l_orderkey_idx_brin_part1,14279,AccessShareLock,t
1416640604.29581,lineitem_l_orderkey_idx_brin_part1,14315,AccessShareLock,t
1416640604.29581,lineitem_l_orderkey_idx_brin_part1,14267,AccessShareLock,t
1416640604.29581,lineitem_l_orderkey_idx_brin_part2,14279,AccessShareLock,t
1416640604.29581,lineitem_l_orderkey_idx_brin_part2,14315,AccessShareLock,t
1416640604.29581,lineitem_l_orderkey_idx_brin_part2,14267,AccessShareLock,t
1416640604.29581,lineitem_l_orderkey_idx_brin_part2,14339,AccessShareLock,t
1416640604.29581,lineitem_l_orderkey_idx_brin_part2,14291,AccessShareLock,t
1416640604.29581,lineitem_l_orderkey_idx_brin_part2,14351,AccessShareLock,t
1416640604.29581,lineitem_l_orderkey_l_linenumber_l_shipdate_brin_idx,14279,AccessShareLock,t
1416640604.29581,lineitem_l_orderkey_l_linenumber_l_shipdate_brin_idx,14291,AccessShareLock,t
1416640604.29581,lineitem_l_orderkey_l_linenumber_l_shipdate_brin_idx,14339,AccessShareLock,t
1416640604.29581,lineitem_l_orderkey_l_linenumber_l_shipdate_brin_idx,14267,AccessShareLock,t
1416640604.29581,lineitem_l_orderkey_l_linenumber_l_shipdate_brin_idx,14315,AccessShareLock,t
1416640604.29581,lineitem_l_orderkey_l_linenumber_l_shipdate_brin_idx,14351,AccessShareLock,t
1416640604.29581,lineitem_l_partkey_l_quantity_brin_idx,14339,AccessShareLock,t
1416640604.29581,lineitem_l_partkey_l_quantity_brin_idx,14291,AccessShareLock,t
1416640604.29581,lineitem_l_partkey_l_quantity_brin_idx,14351,AccessShareLock,t
1416640604.29581,lineitem_l_partkey_l_quantity_brin_idx,14267,AccessShareLock,t
1416640604.29581,lineitem_l_partkey_l_quantity_brin_idx,14279,AccessShareLock,t
1416640604.29581,lineitem_l_partkey_l_quantity_brin_idx,14315,AccessShareLock,t
1416640604.29581,lineitem_l_partkey_l_quantity_idx,14339,AccessShareLock,t
1416640604.29581,lineitem_l_partkey_l_quantity_idx,14351,AccessShareLock,t
1416640604.29581,lineitem_l_partkey_l_quantity_idx,14291,AccessShareLock,t
1416640604.29581,lineitem_l_partkey_l_quantity_idx,14279,AccessShareLock,t
1416640604.29581,lineitem_l_partkey_l_quantity_idx,14315,AccessShareLock,t
1416640604.29581,lineitem_l_partkey_l_quantity_idx,14267,AccessShareLock,t
1416640604.29581,lineitem_l_shipdate_l_suppkey_brin_idx,14291,AccessShareLock,t
1416640604.29581,lineitem_l_shipdate_l_suppkey_brin_idx,14351,AccessShareLock,t
1416640604.29581,lineitem_l_shipdate_l_suppkey_brin_idx,14279,AccessShareLock,t
1416640604.29581,lineitem_l_shipdate_l_suppkey_brin_idx,14315,AccessShareLock,t
1416640604.29581,lineitem_l_shipdate_l_suppkey_brin_idx,14267,AccessShareLock,t
1416640604.29581,lineitem_l_shipdate_l_suppkey_brin_idx,14339,AccessShareLock,t
1416640604.29581,nation,14291,AccessShareLock,t
1416640604.29581,nation,14267,AccessShareLock,t
1416640604.29581,nation,14339,AccessShareLock,t
1416640604.29581,orders,14339,AccessShareLock,t
1416640604.29581,orders,14291,AccessShareLock,t
1416640604.29581,orders,14351,AccessShareLock,t
1416640604.29581,orders,14255,AccessShareLock,t
1416640604.29581,orders,14267,AccessShareLock,t
1416640604.29581,orders,14327,AccessShareLock,t
1416640604.29581,orders_o_orderdate_o_orderkey_brin_idx,14255,AccessShareLock,t
1416640604.29581,orders_o_orderdate_o_orderkey_brin_idx,14327,AccessShareLock,t
1416640604.29581,orders_o_orderdate_o_orderkey_brin_idx,14291,AccessShareLock,t
1416640604.29581,orders_o_orderdate_o_orderkey_brin_idx,14339,AccessShareLock,t
1416640604.29581,orders_o_orderdate_o_orderkey_brin_idx,14351,AccessShareLock,t
1416640604.29581,orders_o_orderdate_o_orderkey_brin_idx,14267,AccessShareLock,t
1416640604.29581,orders_o_orderkey_o_orderdate_brin_idx,14267,AccessShareLock,t
1416640604.29581,orders_o_orderkey_o_orderdate_brin_idx,14291,AccessShareLock,t
1416640604.29581,orders_o_orderkey_o_orderdate_brin_idx,14351,AccessShareLock,t
1416640604.29581,orders_o_orderkey_o_orderdate_brin_idx,14339,AccessShareLock,t
1416640604.29581,orders_o_orderkey_o_orderdate_brin_idx,14327,AccessShareLock,t
1416640604.29581,orders_o_orderkey_o_orderdate_brin_idx,14255,AccessShareLock,t
1416640604.29581,part,14291,AccessShareLock,t
1416640604.29581,part,14315,AccessShareLock,t
1416640604.29581,part_p_container_p_brand_p_partkey_idx,14315,AccessShareLock,t
1416640604.29581,part_p_container_p_brand_p_partkey_idx,14291,AccessShareLock,t
1416640604.29581,part_p_name_idx,14291,AccessShareLock,t
1416640604.29581,part_p_name_idx,14315,AccessShareLock,t
1416640604.29581,part_p_size_brin_idx,14315,AccessShareLock,t
1416640604.29581,part_p_size_brin_idx,14291,AccessShareLock,t
1416640604.29581,part_p_type_p_partkey_idx,14315,AccessShareLock,t
1416640604.29581,part_p_type_p_partkey_idx,14291,AccessShareLock,t
1416640604.29581,partsupp,14291,AccessShareLock,t
1416640604.29581,partsupp_ps_suppkey_idx,14291,AccessShareLock,t
1416640604.29581,pg_locks,14360,AccessShareLock,t
1416640604.29581,pg_stat_activity,14359,AccessShareLock,t
1416640604.29581,pg_stat_all_indexes,14363,AccessShareLock,t
1416640604.29581,pg_stat_all_tables,14362,AccessShareLock,t
1416640604.29581,pg_stat_database,14361,AccessShareLock,t
1416640604.29581,pg_statio_all_indexes,14363,AccessShareLock,t
1416640604.29581,pg_statio_all_tables,14362,AccessShareLock,t
1416640604.29581,pk_customer,14339,AccessShareLock,t
1416640604.29581,pk_customer,14255,AccessShareLock,t
1416640604.29581,pk_customer,14327,AccessShareLock,t
1416640604.29581,pk_lineitem,14315,AccessShareLock,t
1416640604.29581,pk_lineitem,14339,AccessShareLock,t
1416640604.29581,pk_lineitem,14351,AccessShareLock,t
1416640604.29581,pk_lineitem,14267,AccessShareLock,t
1416640604.29581,pk_lineitem,14291,AccessShareLock,t
1416640604.29581,pk_lineitem,14279,AccessShareLock,t
1416640604.29581,pk_nation,14267,AccessShareLock,t
1416640604.29581,pk_nation,14339,AccessShareLock,t
1416640604.29581,pk_nation,14291,AccessShareLock,t
1416640604.29581,pk_orders,14339,AccessShareLock,t
1416640604.29581,pk_orders,14291,AccessShareLock,t
1416640604.29581,pk_orders,14267,AccessShareLock,t
1416640604.29581,pk_orders,14351,AccessShareLock,t
1416640604.29581,pk_orders,14327,AccessShareLock,t
1416640604.29581,pk_orders,14255,AccessShareLock,t
1416640604.29581,pk_part,14291,AccessShareLock,t
1416640604.29581,pk_part,14315,AccessShareLock,t
1416640604.29581,pk_partsupp,14291,AccessShareLock,t
1416640604.29581,pk_region,14339,AccessShareLock,t
1416640604.29581,pk_supplier,14291,AccessShareLock,t
1416640604.29581,pk_supplier,14267,AccessShareLock,t
1416640604.29581,pk_supplier,14339,AccessShareLock,t
1416640604.29581,region,14339,AccessShareLock,t
1416640604.29581,supplier,14291,AccessShareLock,t
1416640604.29581,supplier,14267,AccessShareLock,t
1416640604.29581,supplier,14339,AccessShareLock,t
1416640604.29581,supplier_s_nationkey_s_suppkey_brin_idx,14291,AccessShareLock,t
1416640604.29581,supplier_s_nationkey_s_suppkey_brin_idx,14339,AccessShareLock,t
1416640604.29581,supplier_s_nationkey_s_suppkey_brin_idx,14267,AccessShareLock,t
1416640604.29581,supplier_s_suppkey_idx_like,14339,AccessShareLock,t
1416640604.29581,supplier_s_suppkey_idx_like,14291,AccessShareLock,t
1416640604.29581,supplier_s_suppkey_idx_like,14267,AccessShareLock,t
1416640664.29728,customer,14508,AccessShareLock,t
1416640664.29728,customer,14423,AccessShareLock,t
1416640664.29728,customer_c_mktsegment_c_custkey_idx,14423,AccessShareLock,t
1416640664.29728,customer_c_mktsegment_c_custkey_idx,14508,AccessShareLock,t
1416640664.29728,customer_c_nationkey_c_custkey_brin_idx,14423,AccessShareLock,t
1416640664.29728,customer_c_nationkey_c_custkey_brin_idx,14508,AccessShareLock,t
1416640664.29728,customer_c_phone_idx,14508,AccessShareLock,t
1416640664.29728,customer_c_phone_idx,14423,AccessShareLock,t
1416640664.29728,customer_c_phone_idx_c_acctbal,14508,AccessShareLock,t
1416640664.29728,customer_c_phone_idx_c_acctbal,14423,AccessShareLock,t
1416640664.29728,lineitem,14291,AccessShareLock,t
1416640664.29728,lineitem,14508,AccessShareLock,t
1416640664.29728,lineitem,14423,AccessShareLock,t
1416640664.29728,lineitem,14495,AccessShareLock,t
1416640664.29728,lineitem,14556,AccessShareLock,t
1416640664.29728,lineitem,14569,AccessShareLock,t
1416640664.29728,lineitem,14544,AccessShareLock,t
1416640664.29728,lineitem,14279,AccessShareLock,t
1416640664.29728,lineitem_l_orderkey_brin_idx,14291,AccessShareLock,t
1416640664.29728,lineitem_l_orderkey_brin_idx,14423,AccessShareLock,t
1416640664.29728,lineitem_l_orderkey_brin_idx,14508,AccessShareLock,t
1416640664.29728,lineitem_l_orderkey_brin_idx,14495,AccessShareLock,t
1416640664.29728,lineitem_l_orderkey_brin_idx,14556,AccessShareLock,t
1416640664.29728,lineitem_l_orderkey_brin_idx,14279,AccessShareLock,t
1416640664.29728,lineitem_l_orderkey_brin_idx,14544,AccessShareLock,t
1416640664.29728,lineitem_l_orderkey_brin_idx,14569,AccessShareLock,t
1416640664.29728,lineitem_l_orderkey_idx_brin_part1,14291,AccessShareLock,t
1416640664.29728,lineitem_l_orderkey_idx_brin_part1,14495,AccessShareLock,t
1416640664.29728,lineitem_l_orderkey_idx_brin_part1,14556,AccessShareLock,t
1416640664.29728,lineitem_l_orderkey_idx_brin_part1,14569,AccessShareLock,t
1416640664.29728,lineitem_l_orderkey_idx_brin_part1,14279,AccessShareLock,t
1416640664.29728,lineitem_l_orderkey_idx_brin_part1,14544,AccessShareLock,t
1416640664.29728,lineitem_l_orderkey_idx_brin_part1,14423,AccessShareLock,t
1416640664.29728,lineitem_l_orderkey_idx_brin_part1,14508,AccessShareLock,t
1416640664.29728,lineitem_l_orderkey_idx_brin_part2,14279,AccessShareLock,t
1416640664.29728,lineitem_l_orderkey_idx_brin_part2,14291,AccessShareLock,t
1416640664.29728,lineitem_l_orderkey_idx_brin_part2,14508,AccessShareLock,t
1416640664.29728,lineitem_l_orderkey_idx_brin_part2,14423,AccessShareLock,t
1416640664.29728,lineitem_l_orderkey_idx_brin_part2,14495,AccessShareLock,t
1416640664.29728,lineitem_l_orderkey_idx_brin_part2,14556,AccessShareLock,t
1416640664.29728,lineitem_l_orderkey_idx_brin_part2,14569,AccessShareLock,t
1416640664.29728,lineitem_l_orderkey_idx_brin_part2,14544,AccessShareLock,t
1416640664.29728,lineitem_l_orderkey_l_linenumber_l_shipdate_brin_idx,14423,AccessShareLock,t
1416640664.29728,lineitem_l_orderkey_l_linenumber_l_shipdate_brin_idx,14291,AccessShareLock,t
1416640664.29728,lineitem_l_orderkey_l_linenumber_l_shipdate_brin_idx,14544,AccessShareLock,t
1416640664.29728,lineitem_l_orderkey_l_linenumber_l_shipdate_brin_idx,14279,AccessShareLock,t
1416640664.29728,lineitem_l_orderkey_l_linenumber_l_shipdate_brin_idx,14569,AccessShareLock,t
1416640664.29728,lineitem_l_orderkey_l_linenumber_l_shipdate_brin_idx,14556,AccessShareLock,t
1416640664.29728,lineitem_l_orderkey_l_linenumber_l_shipdate_brin_idx,14495,AccessShareLock,t
1416640664.29728,lineitem_l_orderkey_l_linenumber_l_shipdate_brin_idx,14508,AccessShareLock,t
1416640664.29728,lineitem_l_partkey_l_quantity_brin_idx,14291,AccessShareLock,t
1416640664.29728,lineitem_l_partkey_l_quantity_brin_idx,14279,AccessShareLock,t
1416640664.29728,lineitem_l_partkey_l_quantity_brin_idx,14544,AccessShareLock,t
1416640664.29728,lineitem_l_partkey_l_quantity_brin_idx,14423,AccessShareLock,t
1416640664.29728,lineitem_l_partkey_l_quantity_brin_idx,14508,AccessShareLock,t
1416640664.29728,lineitem_l_partkey_l_quantity_brin_idx,14569,AccessShareLock,t
1416640664.29728,lineitem_l_partkey_l_quantity_brin_idx,14556,AccessShareLock,t
1416640664.29728,lineitem_l_partkey_l_quantity_brin_idx,14495,AccessShareLock,t
1416640664.29728,lineitem_l_partkey_l_quantity_idx,14423,AccessShareLock,t
1416640664.29728,lineitem_l_partkey_l_quantity_idx,14508,AccessShareLock,t
1416640664.29728,lineitem_l_partkey_l_quantity_idx,14495,AccessShareLock,t
1416640664.29728,lineitem_l_partkey_l_quantity_idx,14556,AccessShareLock,t
1416640664.29728,lineitem_l_partkey_l_quantity_idx,14569,AccessShareLock,t
1416640664.29728,lineitem_l_partkey_l_quantity_idx,14279,AccessShareLock,t
1416640664.29728,lineitem_l_partkey_l_quantity_idx,14291,AccessShareLock,t
1416640664.29728,lineitem_l_partkey_l_quantity_idx,14544,AccessShareLock,t
1416640664.29728,lineitem_l_shipdate_l_suppkey_brin_idx,14291,AccessShareLock,t
1416640664.29728,lineitem_l_shipdate_l_suppkey_brin_idx,14495,AccessShareLock,t
1416640664.29728,lineitem_l_shipdate_l_suppkey_brin_idx,14556,AccessShareLock,t
1416640664.29728,lineitem_l_shipdate_l_suppkey_brin_idx,14569,AccessShareLock,t
1416640664.29728,lineitem_l_shipdate_l_suppkey_brin_idx,14279,AccessShareLock,t
1416640664.29728,lineitem_l_shipdate_l_suppkey_brin_idx,14544,AccessShareLock,t
1416640664.29728,lineitem_l_shipdate_l_suppkey_brin_idx,14423,AccessShareLock,t
1416640664.29728,lineitem_l_shipdate_l_suppkey_brin_idx,14508,AccessShareLock,t
1416640664.29728,nation,14291,AccessShareLock,t
1416640664.29728,nation,14569,AccessShareLock,t
1416640664.29728,nation,14544,AccessShareLock,t
1416640664.29728,orders,14291,AccessShareLock,t
1416640664.29728,orders,14508,AccessShareLock,t
1416640664.29728,orders,14423,AccessShareLock,t
1416640664.29728,orders,14495,AccessShareLock,t
1416640664.29728,orders,14556,AccessShareLock,t
1416640664.29728,orders,14569,AccessShareLock,t
1416640664.29728,orders_o_orderdate_o_orderkey_brin_idx,14495,AccessShareLock,t
1416640664.29728,orders_o_orderdate_o_orderkey_brin_idx,14556,AccessShareLock,t
1416640664.29728,orders_o_orderdate_o_orderkey_brin_idx,14569,AccessShareLock,t
1416640664.29728,orders_o_orderdate_o_orderkey_brin_idx,14291,AccessShareLock,t
1416640664.29728,orders_o_orderdate_o_orderkey_brin_idx,14508,AccessShareLock,t
1416640664.29728,orders_o_orderdate_o_orderkey_brin_idx,14423,AccessShareLock,t
1416640664.29728,orders_o_orderkey_o_orderdate_brin_idx,14291,AccessShareLock,t
1416640664.29728,orders_o_orderkey_o_orderdate_brin_idx,14508,AccessShareLock,t
1416640664.29728,orders_o_orderkey_o_orderdate_brin_idx,14423,AccessShareLock,t
1416640664.29728,orders_o_orderkey_o_orderdate_brin_idx,14495,AccessShareLock,t
1416640664.29728,orders_o_orderkey_o_orderdate_brin_idx,14556,AccessShareLock,t
1416640664.29728,orders_o_orderkey_o_orderdate_brin_idx,14569,AccessShareLock,t
1416640664.29728,part,14291,AccessShareLock,t
1416640664.29728,part,14544,AccessShareLock,t
1416640664.29728,part_p_container_p_brand_p_partkey_idx,14544,AccessShareLock,t
1416640664.29728,part_p_container_p_brand_p_partkey_idx,14291,AccessShareLock,t
1416640664.29728,part_p_name_idx,14544,AccessShareLock,t
1416640664.29728,part_p_name_idx,14291,AccessShareLock,t
1416640664.29728,part_p_size_brin_idx,14544,AccessShareLock,t
1416640664.29728,part_p_size_brin_idx,14291,AccessShareLock,t
1416640664.29728,part_p_type_p_partkey_idx,14544,AccessShareLock,t
1416640664.29728,part_p_type_p_partkey_idx,14291,AccessShareLock,t
1416640664.29728,partsupp,14291,AccessShareLock,t
1416640664.29728,partsupp,14544,AccessShareLock,t
1416640664.29728,partsupp_ps_suppkey_idx,14291,AccessShareLock,t
1416640664.29728,partsupp_ps_suppkey_idx,14544,AccessShareLock,t
1416640664.29728,pg_locks,14578,AccessShareLock,t
1416640664.29728,pg_stat_activity,14576,AccessShareLock,t
1416640664.29728,pg_stat_all_indexes,14579,AccessShareLock,t
1416640664.29728,pg_stat_all_tables,14580,AccessShareLock,t
1416640664.29728,pg_stat_database,14577,AccessShareLock,t
1416640664.29728,pg_statio_all_indexes,14579,AccessShareLock,t
1416640664.29728,pg_statio_all_tables,14580,AccessShareLock,t
1416640664.29728,pk_customer,14423,AccessShareLock,t
1416640664.29728,pk_customer,14508,AccessShareLock,t
1416640664.29728,pk_lineitem,14556,AccessShareLock,t
1416640664.29728,pk_lineitem,14495,AccessShareLock,t
1416640664.29728,pk_lineitem,14508,AccessShareLock,t
1416640664.29728,pk_lineitem,14423,AccessShareLock,t
1416640664.29728,pk_lineitem,14544,AccessShareLock,t
1416640664.29728,pk_lineitem,14291,AccessShareLock,t
1416640664.29728,pk_lineitem,14279,AccessShareLock,t
1416640664.29728,pk_lineitem,14569,AccessShareLock,t
1416640664.29728,pk_nation,14544,AccessShareLock,t
1416640664.29728,pk_nation,14291,AccessShareLock,t
1416640664.29728,pk_nation,14569,AccessShareLock,t
1416640664.29728,pk_orders,14508,AccessShareLock,t
1416640664.29728,pk_orders,14495,AccessShareLock,t
1416640664.29728,pk_orders,14423,AccessShareLock,t
1416640664.29728,pk_orders,14291,AccessShareLock,t
1416640664.29728,pk_orders,14569,AccessShareLock,t
1416640664.29728,pk_orders,14556,AccessShareLock,t
1416640664.29728,pk_part,14544,AccessShareLock,t
1416640664.29728,pk_part,14291,AccessShareLock,t
1416640664.29728,pk_partsupp,14291,AccessShareLock,t
1416640664.29728,pk_partsupp,14544,AccessShareLock,t
1416640664.29728,pk_supplier,14544,AccessShareLock,t
1416640664.29728,pk_supplier,14569,AccessShareLock,t
1416640664.29728,pk_supplier,14291,AccessShareLock,t
1416640664.29728,supplier,14569,AccessShareLock,t
1416640664.29728,supplier,14544,AccessShareLock,t
1416640664.29728,supplier,14291,AccessShareLock,t
1416640664.29728,supplier_s_nationkey_s_suppkey_brin_idx,14544,AccessShareLock,t
1416640664.29728,supplier_s_nationkey_s_suppkey_brin_idx,14291,AccessShareLock,t
1416640664.29728,supplier_s_nationkey_s_suppkey_brin_idx,14569,AccessShareLock,t
1416640664.29728,supplier_s_suppkey_idx_like,14291,AccessShareLock,t
1416640664.29728,supplier_s_suppkey_idx_like,14544,AccessShareLock,t
1416640664.29728,supplier_s_suppkey_idx_like,14569,AccessShareLock,t
