ctime,schemaname,relname,indexrelname,idx_scan,idx_tup_read,idx_tup_fetch,idx_blks_read,idx_blks_hit
1416638727.6695,pg_catalog,pg_statistic,pg_statistic_relid_att_inh_index,190691,183712,183653,2072,408743
1416638727.6695,pg_catalog,pg_type,pg_type_typname_nsp_index,21208,16297,15265,5947,50816
1416638727.6695,pg_catalog,pg_type,pg_type_oid_index,800524,798375,798375,2009,1637864
1416638727.6695,pg_toast,pg_toast_2619,pg_toast_2619_index,138094,467170,467170,2740,277783
1416638727.6695,pg_toast,pg_toast_1255,pg_toast_1255_index,0,0,0,0,0
1416638727.6695,pg_toast,pg_toast_2604,pg_toast_2604_index,0,0,0,0,0
1416638727.6695,pg_toast,pg_toast_2606,pg_toast_2606_index,0,0,0,0,0
1416638727.6695,pg_toast,pg_toast_2618,pg_toast_2618_index,3325,10618,10618,607,4757
1416638727.6695,pg_toast,pg_toast_2620,pg_toast_2620_index,0,0,0,0,0
1416638727.6695,pg_toast,pg_toast_2609,pg_toast_2609_index,0,0,0,0,0
1416638727.6695,pg_toast,pg_toast_2964,pg_toast_2964_index,0,0,0,0,0
1416638727.6695,pg_toast,pg_toast_2396,pg_toast_2396_index,0,0,0,0,0
1416638727.6695,pg_toast,pg_toast_3596,pg_toast_3596_index,0,0,0,0,0
1416638727.6695,pg_catalog,pg_authid,pg_authid_oid_index,34421,34421,34421,900,67942
1416638727.6695,pg_catalog,pg_authid,pg_authid_rolname_index,34217,34217,34217,917,67517
1416638727.6695,pg_catalog,pg_largeobject,pg_largeobject_loid_pn_index,0,0,0,0,0
1416638727.6695,pg_catalog,pg_user_mapping,pg_user_mapping_user_server_index,0,0,0,0,0
1416638727.6695,pg_catalog,pg_user_mapping,pg_user_mapping_oid_index,0,0,0,0,0
1416638727.6695,pg_catalog,pg_attribute,pg_attribute_relid_attnum_index,690202,1559474,1559295,4606,1431070
1416638727.6695,pg_catalog,pg_attribute,pg_attribute_relid_attnam_index,1054,1054,1054,1820,16342
1416638727.6695,pg_catalog,pg_proc,pg_proc_proname_args_nsp_index,41460,187564,187564,7125,108080
1416638727.6695,pg_catalog,pg_proc,pg_proc_oid_index,260352,260352,260352,5065,548749
1416638727.6695,pg_catalog,pg_attrdef,pg_attrdef_oid_index,0,0,0,0,0
1416638727.6695,pg_catalog,pg_attrdef,pg_attrdef_adrelid_adnum_index,0,0,0,0,0
1416638727.6695,pg_catalog,pg_constraint,pg_constraint_oid_index,288,144,144,38,684
1416638727.6695,pg_catalog,pg_constraint,pg_constraint_contypid_index,0,0,0,36,254
1416638727.6695,pg_catalog,pg_constraint,pg_constraint_conrelid_index,0,0,0,36,254
1416638727.6695,pg_catalog,pg_constraint,pg_constraint_conname_nsp_index,0,0,0,36,254
1416638727.6695,pg_catalog,pg_inherits,pg_inherits_parent_index,0,0,0,0,0
1416638727.6695,pg_catalog,pg_inherits,pg_inherits_relid_seqno_index,1074,0,0,539,535
1416638727.6695,pg_catalog,pg_index,pg_index_indexrelid_index,295454,296563,295454,819,331066
1416638727.6695,pg_catalog,pg_index,pg_index_indrelid_index,80011,242836,242836,1780,99026
1416638727.6695,pg_catalog,pg_opfamily,pg_opfamily_oid_index,0,0,0,0,0
1416638727.6695,pg_catalog,pg_opfamily,pg_opfamily_am_name_nsp_index,0,0,0,0,0
1416638727.6695,pg_catalog,pg_opclass,pg_opclass_oid_index,162417,162417,162417,837,197193
1416638727.6695,pg_catalog,pg_opclass,pg_opclass_am_name_nsp_index,52527,2190718,2190718,2302,64720
1416638727.6695,pg_catalog,pg_am,pg_am_oid_index,0,0,0,0,0
1416638727.6695,pg_catalog,pg_am,pg_am_name_index,0,0,0,0,0
1416638727.6695,pg_catalog,pg_amop,pg_amop_oid_index,0,0,0,0,0
1416638727.6695,pg_catalog,pg_amop,pg_amop_opr_fam_index,127960,360727,360727,2974,277134
1416638727.6695,pg_catalog,pg_amop,pg_amop_fam_strat_index,175054,175054,175054,2505,364025
1416638727.6695,pg_catalog,pg_amproc,pg_amproc_oid_index,0,0,0,0,0
1416638727.6695,pg_catalog,pg_amproc,pg_amproc_fam_proc_index,157482,327537,327537,1367,349210
1416638727.6695,pg_catalog,pg_language,pg_language_oid_index,0,0,0,0,0
1416638727.6695,pg_catalog,pg_language,pg_language_name_index,0,0,0,0,0
1416638727.6695,pg_catalog,pg_largeobject_metadata,pg_largeobject_metadata_oid_index,0,0,0,0,0
1416638727.6695,pg_catalog,pg_aggregate,pg_aggregate_fnoid_index,18523,18523,18523,3026,29252
1416638727.6695,pg_catalog,pg_rewrite,pg_rewrite_rel_rulename_index,6399,5803,5207,1155,9788
1416638727.6695,pg_catalog,pg_rewrite,pg_rewrite_oid_index,1788,1192,1192,819,2188
1416638727.6695,pg_catalog,pg_trigger,pg_trigger_oid_index,0,0,0,0,0
1416638727.6695,pg_catalog,pg_trigger,pg_trigger_tgrelid_tgname_index,0,0,0,0,0
1416638727.6695,pg_catalog,pg_trigger,pg_trigger_tgconstraint_index,0,0,0,0,0
1416638727.6695,pg_catalog,pg_event_trigger,pg_event_trigger_oid_index,0,0,0,0,0
1416638727.6695,pg_catalog,pg_event_trigger,pg_event_trigger_evtname_index,1778,0,0,537,1241
1416638727.6695,pg_catalog,pg_description,pg_description_o_c_o_index,4746,0,0,1519,9047
1416638727.6695,pg_catalog,pg_cast,pg_cast_source_target_index,1161289,274796,274796,865,1193543
1416638727.6695,pg_catalog,pg_cast,pg_cast_oid_index,0,0,0,0,0
1416638727.6695,pg_catalog,pg_database,pg_database_oid_index,49139,49138,49138,893,85280
1416638727.6695,pg_catalog,pg_database,pg_database_datname_index,71214,71213,71213,848,107328
1416638727.6695,pg_catalog,pg_namespace,pg_namespace_oid_index,87018,86976,86976,1327,88247
1416638727.6695,pg_catalog,pg_namespace,pg_namespace_nspname_index,95198,61048,61048,857,128491
1416638727.6695,pg_catalog,pg_conversion,pg_conversion_oid_index,0,0,0,0,0
1416638727.6695,pg_catalog,pg_conversion,pg_conversion_name_nsp_index,0,0,0,0,0
1416638727.6695,pg_catalog,pg_conversion,pg_conversion_default_index,0,0,0,0,0
1416638727.6695,pg_catalog,pg_db_role_setting,pg_db_role_setting_databaseid_rol_index,148132,0,0,373,147759
1416638727.6695,pg_catalog,pg_tablespace,pg_tablespace_spcname_index,0,0,0,54,54
1416638727.6695,pg_catalog,pg_tablespace,pg_tablespace_oid_index,24516,24516,24516,1305,47727
1416638727.6695,pg_catalog,pg_pltemplate,pg_pltemplate_name_index,0,0,0,0,0
1416638727.6695,pg_catalog,pg_auth_members,pg_auth_members_member_role_index,0,0,0,0,0
1416638727.6695,pg_catalog,pg_auth_members,pg_auth_members_role_member_index,0,0,0,0,0
1416638727.6695,pg_catalog,pg_shdepend,pg_shdepend_reference_index,1117,1117,1117,1071,1121
1416638727.6695,pg_catalog,pg_shdepend,pg_shdepend_depender_index,4682,0,0,1027,4720
1416638727.6695,pg_catalog,pg_shdescription,pg_shdescription_o_c_index,0,0,0,0,0
1416638727.6695,pg_catalog,pg_ts_config,pg_ts_config_oid_index,0,0,0,0,0
1416638727.6695,pg_catalog,pg_ts_config,pg_ts_config_cfgname_index,0,0,0,0,0
1416638727.6695,pg_catalog,pg_ts_config_map,pg_ts_config_map_index,0,0,0,0,0
1416638727.6695,pg_catalog,pg_ts_dict,pg_ts_dict_oid_index,0,0,0,0,0
1416638727.6695,pg_catalog,pg_ts_dict,pg_ts_dict_dictname_index,0,0,0,0,0
1416638727.6695,pg_catalog,pg_ts_parser,pg_ts_parser_oid_index,0,0,0,0,0
1416638727.6695,pg_catalog,pg_ts_parser,pg_ts_parser_prsname_index,0,0,0,0,0
1416638727.6695,pg_catalog,pg_ts_template,pg_ts_template_oid_index,0,0,0,0,0
1416638727.6695,pg_catalog,pg_ts_template,pg_ts_template_tmplname_index,0,0,0,0,0
1416638727.6695,pg_catalog,pg_extension,pg_extension_name_index,0,0,0,0,0
1416638727.6695,pg_catalog,pg_extension,pg_extension_oid_index,0,0,0,0,0
1416638727.6695,pg_catalog,pg_foreign_data_wrapper,pg_foreign_data_wrapper_name_index,0,0,0,0,0
1416638727.6695,pg_catalog,pg_foreign_data_wrapper,pg_foreign_data_wrapper_oid_index,0,0,0,0,0
1416638727.6695,pg_catalog,pg_foreign_server,pg_foreign_server_name_index,0,0,0,0,0
1416638727.6695,pg_catalog,pg_foreign_server,pg_foreign_server_oid_index,0,0,0,0,0
1416638727.6695,pg_catalog,pg_foreign_table,pg_foreign_table_relid_index,0,0,0,0,0
1416638727.6695,pg_catalog,pg_rowsecurity,pg_rowsecurity_polname_relid_index,0,0,0,0,0
1416638727.6695,pg_catalog,pg_rowsecurity,pg_rowsecurity_oid_index,0,0,0,0,0
1416638727.6695,pg_catalog,pg_default_acl,pg_default_acl_oid_index,0,0,0,0,0
1416638727.6695,pg_catalog,pg_default_acl,pg_default_acl_role_nsp_obj_index,4336,0,0,491,3845
1416638727.6695,pg_catalog,pg_seclabel,pg_seclabel_object_index,4746,0,0,490,4256
1416638727.6695,pg_catalog,pg_shseclabel,pg_shseclabel_object_index,0,0,0,0,0
1416638727.6695,pg_catalog,pg_collation,pg_collation_oid_index,0,0,0,0,0
1416638727.6695,pg_catalog,pg_collation,pg_collation_name_enc_nsp_index,0,0,0,0,0
1416638727.6695,pg_catalog,pg_range,pg_range_rngtypid_index,8362,0,0,3075,13649
1416638727.6695,pg_toast,pg_toast_12698,pg_toast_12698_index,0,0,0,0,0
1416638727.6695,pg_toast,pg_toast_12703,pg_toast_12703_index,0,0,0,0,0
1416638727.6695,pg_toast,pg_toast_12708,pg_toast_12708_index,0,0,0,0,0
1416638727.6695,pg_toast,pg_toast_12713,pg_toast_12713_index,0,0,0,0,0
1416638727.6695,pg_toast,pg_toast_12718,pg_toast_12718_index,0,0,0,0,0
1416638727.6695,pg_toast,pg_toast_12723,pg_toast_12723_index,0,0,0,0,0
1416638727.6695,pg_catalog,pg_class,pg_class_tblspc_relfilenode_index,0,0,0,1815,5676
1416638727.6695,pg_catalog,pg_class,pg_class_relname_nsp_index,132199,68655,67654,3253,299122
1416638727.6695,pg_catalog,pg_class,pg_class_oid_index,711445,709559,703219,2478,1461407
1416638727.6695,pg_catalog,pg_operator,pg_operator_oprname_l_r_n_index,122930,1258473,1258473,3287,268290
1416638727.6695,pg_catalog,pg_operator,pg_operator_oid_index,144705,144705,144705,2699,311940
1416638727.6695,pg_catalog,pg_enum,pg_enum_typid_sortorder_index,0,0,0,0,0
1416638727.6695,pg_catalog,pg_enum,pg_enum_typid_label_index,0,0,0,0,0
1416638727.6695,pg_catalog,pg_enum,pg_enum_oid_index,0,0,0,0,0
1416638727.6695,pg_catalog,pg_depend,pg_depend_reference_index,34574,36965,31652,8041,79976
1416638727.6695,pg_catalog,pg_depend,pg_depend_depender_index,10067,16338,16338,4236,34843
1416638727.6695,pg_toast,pg_toast_12693,pg_toast_12693_index,0,0,0,0,0
1416638787.67181,pg_catalog,pg_statistic,pg_statistic_relid_att_inh_index,190824,183801,183742,2072,409117
1416638787.67181,pg_catalog,pg_type,pg_type_typname_nsp_index,21210,16299,15267,5947,50822
1416638787.67181,pg_catalog,pg_type,pg_type_oid_index,800754,798605,798605,2009,1638359
1416638787.67181,public,customer,pk_customer,0,0,0,4115,0
1416638787.67181,public,customer,customer_c_phone_idx,0,0,0,4115,0
1416638787.67181,public,customer,customer_c_mktsegment_c_custkey_idx,0,0,0,5778,0
1416638787.67181,public,customer,customer_c_nationkey_c_custkey_brin_idx,0,0,0,0,3
1416638787.67181,public,customer,customer_c_phone_idx_c_acctbal,0,0,0,3741,0
1416638787.67181,pg_toast,pg_toast_2619,pg_toast_2619_index,138134,467188,467188,2745,278216
1416638787.67181,pg_toast,pg_toast_1255,pg_toast_1255_index,0,0,0,0,0
1416638787.67181,pg_toast,pg_toast_2604,pg_toast_2604_index,0,0,0,0,0
1416638787.67181,pg_toast,pg_toast_2606,pg_toast_2606_index,0,0,0,0,0
1416638787.67181,pg_toast,pg_toast_2618,pg_toast_2618_index,3330,10634,10634,607,4765
1416638787.67181,pg_toast,pg_toast_2620,pg_toast_2620_index,0,0,0,0,0
1416638787.67181,pg_toast,pg_toast_2609,pg_toast_2609_index,0,0,0,0,0
1416638787.67181,pg_toast,pg_toast_2964,pg_toast_2964_index,0,0,0,0,0
1416638787.67181,pg_toast,pg_toast_2396,pg_toast_2396_index,0,0,0,0,0
1416638787.67181,pg_toast,pg_toast_3596,pg_toast_3596_index,0,0,0,0,0
1416638787.67181,pg_catalog,pg_authid,pg_authid_oid_index,34486,34486,34486,902,68070
1416638787.67181,pg_catalog,pg_authid,pg_authid_rolname_index,34281,34281,34281,919,67643
1416638787.67181,pg_catalog,pg_largeobject,pg_largeobject_loid_pn_index,0,0,0,0,0
1416638787.67181,pg_catalog,pg_user_mapping,pg_user_mapping_user_server_index,0,0,0,0,0
1416638787.67181,pg_catalog,pg_user_mapping,pg_user_mapping_oid_index,0,0,0,0,0
1416638787.67181,pg_catalog,pg_attribute,pg_attribute_relid_attnum_index,690879,1561207,1561028,4607,1432515
1416638787.67181,pg_catalog,pg_attribute,pg_attribute_relid_attnam_index,1077,1077,1077,1820,16455
1416638787.67181,pg_catalog,pg_proc,pg_proc_proname_args_nsp_index,41472,187617,187617,7128,108108
1416638787.67181,pg_catalog,pg_proc,pg_proc_oid_index,260432,260432,260432,5067,548917
1416638787.67181,pg_catalog,pg_attrdef,pg_attrdef_oid_index,0,0,0,0,0
1416638787.67181,pg_catalog,pg_attrdef,pg_attrdef_adrelid_adnum_index,0,0,0,0,0
1416638787.67181,pg_catalog,pg_constraint,pg_constraint_oid_index,294,144,144,38,702
1416638787.67181,pg_catalog,pg_constraint,pg_constraint_contypid_index,0,0,0,38,264
1416638787.67181,pg_catalog,pg_constraint,pg_constraint_conrelid_index,0,0,0,38,264
1416638787.67181,pg_catalog,pg_constraint,pg_constraint_conname_nsp_index,0,0,0,38,264
1416638787.67181,pg_catalog,pg_inherits,pg_inherits_parent_index,0,0,0,0,0
1416638787.67181,pg_catalog,pg_inherits,pg_inherits_relid_seqno_index,1074,0,0,539,535
1416638787.67181,pg_catalog,pg_index,pg_index_indexrelid_index,295700,296869,295700,819,331368
1416638787.67181,pg_catalog,pg_index,pg_index_indrelid_index,80130,243087,243087,1780,99193
1416638787.67181,pg_catalog,pg_opfamily,pg_opfamily_oid_index,0,0,0,0,0
1416638787.67181,pg_catalog,pg_opfamily,pg_opfamily_am_name_nsp_index,0,0,0,0,0
1416638787.67181,pg_catalog,pg_opclass,pg_opclass_oid_index,162571,162571,162571,837,197384
1416638787.67181,pg_catalog,pg_opclass,pg_opclass_am_name_nsp_index,52601,2193847,2193847,2302,64821
1416638787.67181,pg_catalog,pg_am,pg_am_oid_index,0,0,0,0,0
1416638787.67181,pg_catalog,pg_am,pg_am_name_index,0,0,0,0,0
1416638787.67181,pg_catalog,pg_amop,pg_amop_oid_index,0,0,0,0,0
1416638787.67181,pg_catalog,pg_amop,pg_amop_opr_fam_index,128003,360824,360824,2974,277231
1416638787.67181,pg_catalog,pg_amop,pg_amop_fam_strat_index,175172,175172,175172,2506,364271
1416638787.67181,pg_catalog,pg_amproc,pg_amproc_oid_index,0,0,0,0,0
1416638787.67181,pg_catalog,pg_amproc,pg_amproc_fam_proc_index,157628,327809,327809,1367,349539
1416638787.67181,pg_catalog,pg_language,pg_language_oid_index,0,0,0,0,0
1416638787.67181,pg_catalog,pg_language,pg_language_name_index,0,0,0,0,0
1416638787.67181,pg_catalog,pg_largeobject_metadata,pg_largeobject_metadata_oid_index,0,0,0,0,0
1416638787.67181,pg_catalog,pg_aggregate,pg_aggregate_fnoid_index,18524,18524,18524,3028,29252
1416638787.67181,pg_catalog,pg_rewrite,pg_rewrite_rel_rulename_index,6406,5810,5214,1155,9800
1416638787.67181,pg_catalog,pg_rewrite,pg_rewrite_oid_index,1788,1192,1192,819,2188
1416638787.67181,pg_catalog,pg_trigger,pg_trigger_oid_index,0,0,0,0,0
1416638787.67181,pg_catalog,pg_trigger,pg_trigger_tgrelid_tgname_index,0,0,0,0,0
1416638787.67181,pg_catalog,pg_trigger,pg_trigger_tgconstraint_index,0,0,0,0,0
1416638787.67181,pg_catalog,pg_event_trigger,pg_event_trigger_oid_index,0,0,0,0,0
1416638787.67181,pg_catalog,pg_event_trigger,pg_event_trigger_evtname_index,1795,0,0,537,1258
1416638787.67181,pg_catalog,pg_description,pg_description_o_c_o_index,4746,0,0,1519,9047
1416638787.67181,pg_catalog,pg_cast,pg_cast_source_target_index,1162474,275030,275030,865,1194757
1416638787.67181,pg_catalog,pg_cast,pg_cast_oid_index,0,0,0,0,0
1416638787.67181,pg_catalog,pg_database,pg_database_oid_index,49219,49218,49218,895,85424
1416638787.67181,pg_catalog,pg_database,pg_database_datname_index,71345,71344,71344,850,107522
1416638787.67181,pg_catalog,pg_namespace,pg_namespace_oid_index,87136,87094,87094,1327,88368
1416638787.67181,pg_catalog,pg_namespace,pg_namespace_nspname_index,95271,61087,61087,857,128598
1416638787.67181,pg_catalog,pg_conversion,pg_conversion_oid_index,0,0,0,0,0
1416638787.67181,pg_catalog,pg_conversion,pg_conversion_name_nsp_index,0,0,0,0,0
1416638787.67181,pg_catalog,pg_conversion,pg_conversion_default_index,0,0,0,0,0
1416638787.67181,pg_catalog,pg_db_role_setting,pg_db_role_setting_databaseid_rol_index,148396,0,0,374,148022
1416638787.67181,pg_catalog,pg_tablespace,pg_tablespace_spcname_index,0,0,0,55,55
1416638787.67181,pg_catalog,pg_tablespace,pg_tablespace_oid_index,24523,24523,24523,1307,47739
1416638787.67181,pg_catalog,pg_pltemplate,pg_pltemplate_name_index,0,0,0,0,0
1416638787.67181,pg_catalog,pg_auth_members,pg_auth_members_member_role_index,0,0,0,0,0
1416638787.67181,pg_catalog,pg_auth_members,pg_auth_members_role_member_index,0,0,0,0,0
1416638787.67181,pg_catalog,pg_shdepend,pg_shdepend_reference_index,1127,1127,1127,1073,1139
1416638787.67181,pg_catalog,pg_shdepend,pg_shdepend_depender_index,4747,0,0,1029,4793
1416638787.67181,pg_catalog,pg_shdescription,pg_shdescription_o_c_index,0,0,0,0,0
1416638787.67181,pg_catalog,pg_ts_config,pg_ts_config_oid_index,0,0,0,0,0
1416638787.67181,pg_catalog,pg_ts_config,pg_ts_config_cfgname_index,0,0,0,0,0
1416638787.67181,pg_catalog,pg_ts_config_map,pg_ts_config_map_index,0,0,0,0,0
1416638787.67181,pg_catalog,pg_ts_dict,pg_ts_dict_oid_index,0,0,0,0,0
1416638787.67181,pg_catalog,pg_ts_dict,pg_ts_dict_dictname_index,0,0,0,0,0
1416638787.67181,pg_catalog,pg_ts_parser,pg_ts_parser_oid_index,0,0,0,0,0
1416638787.67181,pg_catalog,pg_ts_parser,pg_ts_parser_prsname_index,0,0,0,0,0
1416638787.67181,pg_catalog,pg_ts_template,pg_ts_template_oid_index,0,0,0,0,0
1416638787.67181,pg_catalog,pg_ts_template,pg_ts_template_tmplname_index,0,0,0,0,0
1416638787.67181,pg_catalog,pg_extension,pg_extension_name_index,0,0,0,0,0
1416638787.67181,pg_catalog,pg_extension,pg_extension_oid_index,0,0,0,0,0
1416638787.67181,pg_catalog,pg_foreign_data_wrapper,pg_foreign_data_wrapper_name_index,0,0,0,0,0
1416638787.67181,pg_catalog,pg_foreign_data_wrapper,pg_foreign_data_wrapper_oid_index,0,0,0,0,0
1416638787.67181,pg_catalog,pg_foreign_server,pg_foreign_server_name_index,0,0,0,0,0
1416638787.67181,pg_catalog,pg_foreign_server,pg_foreign_server_oid_index,0,0,0,0,0
1416638787.67181,pg_catalog,pg_foreign_table,pg_foreign_table_relid_index,0,0,0,0,0
1416638787.67181,pg_catalog,pg_rowsecurity,pg_rowsecurity_polname_relid_index,0,0,0,0,0
1416638787.67181,pg_catalog,pg_rowsecurity,pg_rowsecurity_oid_index,0,0,0,0,0
1416638787.67181,pg_catalog,pg_default_acl,pg_default_acl_oid_index,0,0,0,0,0
1416638787.67181,pg_catalog,pg_default_acl,pg_default_acl_role_nsp_obj_index,4336,0,0,491,3845
1416638787.67181,pg_catalog,pg_seclabel,pg_seclabel_object_index,4746,0,0,490,4256
1416638787.67181,pg_catalog,pg_shseclabel,pg_shseclabel_object_index,0,0,0,0,0
1416638787.67181,pg_catalog,pg_collation,pg_collation_oid_index,0,0,0,0,0
1416638787.67181,pg_catalog,pg_collation,pg_collation_name_enc_nsp_index,0,0,0,0,0
1416638787.67181,pg_catalog,pg_range,pg_range_rngtypid_index,8362,0,0,3075,13649
1416638787.67181,pg_toast,pg_toast_12698,pg_toast_12698_index,0,0,0,0,0
1416638787.67181,pg_toast,pg_toast_12703,pg_toast_12703_index,0,0,0,0,0
1416638787.67181,pg_toast,pg_toast_12708,pg_toast_12708_index,0,0,0,0,0
1416638787.67181,pg_toast,pg_toast_12713,pg_toast_12713_index,0,0,0,0,0
1416638787.67181,pg_toast,pg_toast_12718,pg_toast_12718_index,0,0,0,0,0
1416638787.67181,pg_toast,pg_toast_12723,pg_toast_12723_index,0,0,0,0,0
1416638787.67181,pg_catalog,pg_class,pg_class_tblspc_relfilenode_index,0,0,0,1815,5730
1416638787.67181,pg_catalog,pg_class,pg_class_relname_nsp_index,132291,68718,67700,3253,299374
1416638787.67181,pg_catalog,pg_class,pg_class_oid_index,712213,710310,703970,2478,1463018
1416638787.67181,pg_catalog,pg_operator,pg_operator_oprname_l_r_n_index,122937,1258536,1258536,3288,268309
1416638787.67181,pg_catalog,pg_operator,pg_operator_oid_index,144756,144756,144756,2699,312056
1416638787.67181,public,supplier,pk_supplier,0,0,0,275,0
1416638787.67181,public,supplier,supplier_s_suppkey_idx_like,0,0,0,1,0
1416638787.67181,public,supplier,supplier_s_nationkey_s_suppkey_brin_idx,0,0,0,0,3
1416638787.67181,public,nation,pk_nation,0,0,0,1,0
1416638787.67181,pg_catalog,pg_enum,pg_enum_typid_sortorder_index,0,0,0,0,0
1416638787.67181,pg_catalog,pg_enum,pg_enum_typid_label_index,0,0,0,0,0
1416638787.67181,pg_catalog,pg_enum,pg_enum_oid_index,0,0,0,0,0
1416638787.67181,pg_catalog,pg_depend,pg_depend_reference_index,34644,37031,31716,8045,80197
1416638787.67181,pg_catalog,pg_depend,pg_depend_depender_index,10067,16338,16338,4238,34933
1416638787.67181,pg_toast,pg_toast_12693,pg_toast_12693_index,0,0,0,0,0
1416638787.67181,public,part,pk_part,0,0,0,5486,0
1416638787.67181,public,part,part_p_name_idx,0,0,0,13604,0
1416638787.67181,public,part,part_p_container_p_brand_p_partkey_idx,0,0,0,12144,0
1416638787.67181,public,part,part_p_type_p_partkey_idx,0,0,0,11519,0
1416638787.67181,public,part,part_p_size_brin_idx,0,0,0,0,3
1416638787.67181,public,region,pk_region,0,0,0,1,0
1416638787.67181,public,partsupp,pk_partsupp,0,0,0,21936,0
1416638787.67181,public,partsupp,partsupp_ps_suppkey_idx,0,0,0,0,6
1416638847.67689,pg_catalog,pg_statistic,pg_statistic_relid_att_inh_index,190858,183820,183761,2072,409209
1416638847.67689,pg_catalog,pg_type,pg_type_typname_nsp_index,21210,16299,15267,5947,50822
1416638847.67689,pg_catalog,pg_type,pg_type_oid_index,800862,798713,798713,2009,1638585
1416638847.67689,public,customer,pk_customer,0,0,0,4115,0
1416638847.67689,public,customer,customer_c_phone_idx,0,0,0,4115,0
1416638847.67689,public,customer,customer_c_mktsegment_c_custkey_idx,0,0,0,5778,0
1416638847.67689,public,customer,customer_c_nationkey_c_custkey_brin_idx,0,0,0,0,3
1416638847.67689,public,customer,customer_c_phone_idx_c_acctbal,0,0,0,3741,0
1416638847.67689,pg_toast,pg_toast_2619,pg_toast_2619_index,138147,467194,467194,2745,278320
1416638847.67689,pg_toast,pg_toast_1255,pg_toast_1255_index,0,0,0,0,0
1416638847.67689,pg_toast,pg_toast_2604,pg_toast_2604_index,0,0,0,0,0
1416638847.67689,pg_toast,pg_toast_2606,pg_toast_2606_index,0,0,0,0,0
1416638847.67689,pg_toast,pg_toast_2618,pg_toast_2618_index,3335,10650,10650,607,4773
1416638847.67689,pg_toast,pg_toast_2620,pg_toast_2620_index,0,0,0,0,0
1416638847.67689,pg_toast,pg_toast_2609,pg_toast_2609_index,0,0,0,0,0
1416638847.67689,pg_toast,pg_toast_2964,pg_toast_2964_index,0,0,0,0,0
1416638847.67689,pg_toast,pg_toast_2396,pg_toast_2396_index,0,0,0,0,0
1416638847.67689,pg_toast,pg_toast_3596,pg_toast_3596_index,0,0,0,0,0
1416638847.67689,public,orders,orders_o_orderkey_o_orderdate_brin_idx,0,0,0,0,12
1416638847.67689,public,orders,orders_o_orderdate_o_orderkey_brin_idx,0,0,0,0,12
1416638847.67689,public,orders,pk_orders,0,0,0,41130,0
1416638847.67689,pg_catalog,pg_authid,pg_authid_oid_index,34495,34495,34495,902,68088
1416638847.67689,pg_catalog,pg_authid,pg_authid_rolname_index,34290,34290,34290,919,67661
1416638847.67689,pg_catalog,pg_largeobject,pg_largeobject_loid_pn_index,0,0,0,0,0
1416638847.67689,pg_catalog,pg_user_mapping,pg_user_mapping_user_server_index,0,0,0,0,0
1416638847.67689,pg_catalog,pg_user_mapping,pg_user_mapping_oid_index,0,0,0,0,0
1416638847.67689,pg_catalog,pg_attribute,pg_attribute_relid_attnum_index,691139,1561724,1561545,4607,1433057
1416638847.67689,pg_catalog,pg_attribute,pg_attribute_relid_attnam_index,1082,1082,1082,1820,16478
1416638847.67689,pg_catalog,pg_proc,pg_proc_proname_args_nsp_index,41482,187662,187662,7128,108133
1416638847.67689,pg_catalog,pg_proc,pg_proc_oid_index,260500,260500,260500,5067,549058
1416638847.67689,pg_catalog,pg_attrdef,pg_attrdef_oid_index,0,0,0,0,0
1416638847.67689,pg_catalog,pg_attrdef,pg_attrdef_adrelid_adnum_index,0,0,0,0,0
1416638847.67689,pg_catalog,pg_constraint,pg_constraint_oid_index,295,144,144,38,705
1416638847.67689,pg_catalog,pg_constraint,pg_constraint_contypid_index,0,0,0,38,266
1416638847.67689,pg_catalog,pg_constraint,pg_constraint_conrelid_index,0,0,0,38,266
1416638847.67689,pg_catalog,pg_constraint,pg_constraint_conname_nsp_index,0,0,0,38,266
1416638847.67689,pg_catalog,pg_inherits,pg_inherits_parent_index,0,0,0,0,0
1416638847.67689,pg_catalog,pg_inherits,pg_inherits_relid_seqno_index,1074,0,0,539,535
1416638847.67689,pg_catalog,pg_index,pg_index_indexrelid_index,295757,296926,295757,819,331438
1416638847.67689,pg_catalog,pg_index,pg_index_indrelid_index,80163,243154,243154,1780,99238
1416638847.67689,pg_catalog,pg_opfamily,pg_opfamily_oid_index,0,0,0,0,0
1416638847.67689,pg_catalog,pg_opfamily,pg_opfamily_am_name_nsp_index,0,0,0,0,0
1416638847.67689,pg_catalog,pg_opclass,pg_opclass_oid_index,162610,162610,162610,837,197433
1416638847.67689,pg_catalog,pg_opclass,pg_opclass_am_name_nsp_index,52615,2194390,2194390,2302,64842
1416638847.67689,pg_catalog,pg_am,pg_am_oid_index,0,0,0,0,0
1416638847.67689,pg_catalog,pg_am,pg_am_name_index,0,0,0,0,0
1416638847.67689,pg_catalog,pg_amop,pg_amop_oid_index,0,0,0,0,0
1416638847.67689,pg_catalog,pg_amop,pg_amop_opr_fam_index,128020,360866,360866,2974,277270
1416638847.67689,pg_catalog,pg_amop,pg_amop_fam_strat_index,175208,175208,175208,2506,364348
1416638847.67689,pg_catalog,pg_amproc,pg_amproc_oid_index,0,0,0,0,0
1416638847.67689,pg_catalog,pg_amproc,pg_amproc_fam_proc_index,157666,327907,327907,1367,349625
1416638847.67689,pg_catalog,pg_language,pg_language_oid_index,0,0,0,0,0
1416638847.67689,pg_catalog,pg_language,pg_language_name_index,0,0,0,0,0
1416638847.67689,pg_catalog,pg_largeobject_metadata,pg_largeobject_metadata_oid_index,0,0,0,0,0
1416638847.67689,pg_catalog,pg_aggregate,pg_aggregate_fnoid_index,18525,18525,18525,3028,29254
1416638847.67689,pg_catalog,pg_rewrite,pg_rewrite_rel_rulename_index,6413,5817,5221,1155,9812
1416638847.67689,pg_catalog,pg_rewrite,pg_rewrite_oid_index,1788,1192,1192,819,2188
1416638847.67689,pg_catalog,pg_trigger,pg_trigger_oid_index,0,0,0,0,0
1416638847.67689,pg_catalog,pg_trigger,pg_trigger_tgrelid_tgname_index,0,0,0,0,0
1416638847.67689,pg_catalog,pg_trigger,pg_trigger_tgconstraint_index,0,0,0,0,0
1416638847.67689,pg_catalog,pg_event_trigger,pg_event_trigger_oid_index,0,0,0,0,0
1416638847.67689,pg_catalog,pg_event_trigger,pg_event_trigger_evtname_index,1798,0,0,537,1261
1416638847.67689,pg_catalog,pg_description,pg_description_o_c_o_index,4746,0,0,1519,9047
1416638847.67689,pg_catalog,pg_cast,pg_cast_source_target_index,1162657,275088,275088,865,1194949
1416638847.67689,pg_catalog,pg_cast,pg_cast_oid_index,0,0,0,0,0
1416638847.67689,pg_catalog,pg_database,pg_database_oid_index,49242,49241,49241,895,85458
1416638847.67689,pg_catalog,pg_database,pg_database_datname_index,71365,71364,71364,850,107553
1416638847.67689,pg_catalog,pg_namespace,pg_namespace_oid_index,87269,87227,87227,1327,88504
1416638847.67689,pg_catalog,pg_namespace,pg_namespace_nspname_index,95296,61102,61102,857,128633
1416638847.67689,pg_catalog,pg_conversion,pg_conversion_oid_index,0,0,0,0,0
1416638847.67689,pg_catalog,pg_conversion,pg_conversion_name_nsp_index,0,0,0,0,0
1416638847.67689,pg_catalog,pg_conversion,pg_conversion_default_index,0,0,0,0,0
1416638847.67689,pg_catalog,pg_db_role_setting,pg_db_role_setting_databaseid_rol_index,148440,0,0,374,148066
1416638847.67689,pg_catalog,pg_tablespace,pg_tablespace_spcname_index,0,0,0,55,55
1416638847.67689,pg_catalog,pg_tablespace,pg_tablespace_oid_index,24528,24528,24528,1307,47749
1416638847.67689,pg_catalog,pg_pltemplate,pg_pltemplate_name_index,0,0,0,0,0
1416638847.67689,pg_catalog,pg_auth_members,pg_auth_members_member_role_index,0,0,0,0,0
1416638847.67689,pg_catalog,pg_auth_members,pg_auth_members_role_member_index,0,0,0,0,0
1416638847.67689,pg_catalog,pg_shdepend,pg_shdepend_reference_index,1127,1127,1127,1073,1139
1416638847.67689,pg_catalog,pg_shdepend,pg_shdepend_depender_index,4747,0,0,1029,4793
1416638847.67689,pg_catalog,pg_shdescription,pg_shdescription_o_c_index,0,0,0,0,0
1416638847.67689,pg_catalog,pg_ts_config,pg_ts_config_oid_index,0,0,0,0,0
1416638847.67689,pg_catalog,pg_ts_config,pg_ts_config_cfgname_index,0,0,0,0,0
1416638847.67689,pg_catalog,pg_ts_config_map,pg_ts_config_map_index,0,0,0,0,0
1416638847.67689,pg_catalog,pg_ts_dict,pg_ts_dict_oid_index,0,0,0,0,0
1416638847.67689,pg_catalog,pg_ts_dict,pg_ts_dict_dictname_index,0,0,0,0,0
1416638847.67689,pg_catalog,pg_ts_parser,pg_ts_parser_oid_index,0,0,0,0,0
1416638847.67689,pg_catalog,pg_ts_parser,pg_ts_parser_prsname_index,0,0,0,0,0
1416638847.67689,pg_catalog,pg_ts_template,pg_ts_template_oid_index,0,0,0,0,0
1416638847.67689,pg_catalog,pg_ts_template,pg_ts_template_tmplname_index,0,0,0,0,0
1416638847.67689,pg_catalog,pg_extension,pg_extension_name_index,0,0,0,0,0
1416638847.67689,pg_catalog,pg_extension,pg_extension_oid_index,0,0,0,0,0
1416638847.67689,pg_catalog,pg_foreign_data_wrapper,pg_foreign_data_wrapper_name_index,0,0,0,0,0
1416638847.67689,pg_catalog,pg_foreign_data_wrapper,pg_foreign_data_wrapper_oid_index,0,0,0,0,0
1416638847.67689,pg_catalog,pg_foreign_server,pg_foreign_server_name_index,0,0,0,0,0
1416638847.67689,pg_catalog,pg_foreign_server,pg_foreign_server_oid_index,0,0,0,0,0
1416638847.67689,pg_catalog,pg_foreign_table,pg_foreign_table_relid_index,0,0,0,0,0
1416638847.67689,pg_catalog,pg_rowsecurity,pg_rowsecurity_polname_relid_index,0,0,0,0,0
1416638847.67689,pg_catalog,pg_rowsecurity,pg_rowsecurity_oid_index,0,0,0,0,0
1416638847.67689,pg_catalog,pg_default_acl,pg_default_acl_oid_index,0,0,0,0,0
1416638847.67689,pg_catalog,pg_default_acl,pg_default_acl_role_nsp_obj_index,4336,0,0,491,3845
1416638847.67689,pg_catalog,pg_seclabel,pg_seclabel_object_index,4746,0,0,490,4256
1416638847.67689,pg_catalog,pg_shseclabel,pg_shseclabel_object_index,0,0,0,0,0
1416638847.67689,pg_catalog,pg_collation,pg_collation_oid_index,0,0,0,0,0
1416638847.67689,pg_catalog,pg_collation,pg_collation_name_enc_nsp_index,0,0,0,0,0
1416638847.67689,pg_catalog,pg_range,pg_range_rngtypid_index,8362,0,0,3075,13649
1416638847.67689,pg_toast,pg_toast_12698,pg_toast_12698_index,0,0,0,0,0
1416638847.67689,pg_toast,pg_toast_12703,pg_toast_12703_index,0,0,0,0,0
1416638847.67689,pg_toast,pg_toast_12708,pg_toast_12708_index,0,0,0,0,0
1416638847.67689,pg_toast,pg_toast_12713,pg_toast_12713_index,0,0,0,0,0
1416638847.67689,pg_toast,pg_toast_12718,pg_toast_12718_index,0,0,0,0,0
1416638847.67689,pg_toast,pg_toast_12723,pg_toast_12723_index,0,0,0,0,0
1416638847.67689,pg_catalog,pg_class,pg_class_tblspc_relfilenode_index,0,0,0,1815,5742
1416638847.67689,pg_catalog,pg_class,pg_class_relname_nsp_index,132313,68735,67714,3253,299434
1416638847.67689,pg_catalog,pg_class,pg_class_oid_index,712596,710690,704350,2478,1463802
1416638847.67689,pg_catalog,pg_operator,pg_operator_oprname_l_r_n_index,122940,1258539,1258539,3288,268318
1416638847.67689,pg_catalog,pg_operator,pg_operator_oid_index,144775,144775,144775,2699,312100
1416638847.67689,public,supplier,pk_supplier,0,0,0,275,0
1416638847.67689,public,supplier,supplier_s_suppkey_idx_like,0,0,0,1,0
1416638847.67689,public,supplier,supplier_s_nationkey_s_suppkey_brin_idx,0,0,0,0,3
1416638847.67689,public,nation,pk_nation,0,0,0,1,0
1416638847.67689,pg_catalog,pg_enum,pg_enum_typid_sortorder_index,0,0,0,0,0
1416638847.67689,pg_catalog,pg_enum,pg_enum_typid_label_index,0,0,0,0,0
1416638847.67689,pg_catalog,pg_enum,pg_enum_oid_index,0,0,0,0,0
1416638847.67689,pg_catalog,pg_depend,pg_depend_reference_index,34655,37041,31726,8045,80234
1416638847.67689,pg_catalog,pg_depend,pg_depend_depender_index,10067,16338,16338,4238,34948
1416638847.67689,pg_toast,pg_toast_12693,pg_toast_12693_index,0,0,0,0,0
1416638847.67689,public,part,pk_part,0,0,0,5486,0
1416638847.67689,public,part,part_p_name_idx,0,0,0,13604,0
1416638847.67689,public,part,part_p_container_p_brand_p_partkey_idx,0,0,0,12144,0
1416638847.67689,public,part,part_p_type_p_partkey_idx,0,0,0,11519,0
1416638847.67689,public,part,part_p_size_brin_idx,0,0,0,0,3
1416638847.67689,public,region,pk_region,0,0,0,1,0
1416638847.67689,public,partsupp,pk_partsupp,0,0,0,21936,0
1416638847.67689,public,partsupp,partsupp_ps_suppkey_idx,0,0,0,0,6
1416638907.67612,pg_catalog,pg_statistic,pg_statistic_relid_att_inh_index,190883,183839,183780,2072,409264
1416638907.67612,pg_catalog,pg_type,pg_type_typname_nsp_index,21210,16299,15267,5947,50822
1416638907.67612,pg_catalog,pg_type,pg_type_oid_index,800954,798805,798805,2009,1638774
1416638907.67612,public,customer,pk_customer,0,0,0,4115,0
1416638907.67612,public,customer,customer_c_phone_idx,0,0,0,4115,0
1416638907.67612,public,customer,customer_c_mktsegment_c_custkey_idx,0,0,0,5778,0
1416638907.67612,public,customer,customer_c_nationkey_c_custkey_brin_idx,0,0,0,0,3
1416638907.67612,public,customer,customer_c_phone_idx_c_acctbal,0,0,0,3741,0
1416638907.67612,pg_toast,pg_toast_2619,pg_toast_2619_index,138150,467200,467200,2745,278329
1416638907.67612,pg_toast,pg_toast_1255,pg_toast_1255_index,0,0,0,0,0
1416638907.67612,pg_toast,pg_toast_2604,pg_toast_2604_index,0,0,0,0,0
1416638907.67612,pg_toast,pg_toast_2606,pg_toast_2606_index,0,0,0,0,0
1416638907.67612,pg_toast,pg_toast_2618,pg_toast_2618_index,3340,10666,10666,607,4781
1416638907.67612,pg_toast,pg_toast_2620,pg_toast_2620_index,0,0,0,0,0
1416638907.67612,pg_toast,pg_toast_2609,pg_toast_2609_index,0,0,0,0,0
1416638907.67612,pg_toast,pg_toast_2964,pg_toast_2964_index,0,0,0,0,0
1416638907.67612,pg_toast,pg_toast_2396,pg_toast_2396_index,0,0,0,0,0
1416638907.67612,pg_toast,pg_toast_3596,pg_toast_3596_index,0,0,0,0,0
1416638907.67612,public,orders,orders_o_orderkey_o_orderdate_brin_idx,0,0,0,0,12
1416638907.67612,public,orders,orders_o_orderdate_o_orderkey_brin_idx,0,0,0,0,12
1416638907.67612,public,orders,pk_orders,0,0,0,41130,0
1416638907.67612,pg_catalog,pg_authid,pg_authid_oid_index,34500,34500,34500,902,68098
1416638907.67612,pg_catalog,pg_authid,pg_authid_rolname_index,34295,34295,34295,919,67671
1416638907.67612,pg_catalog,pg_largeobject,pg_largeobject_loid_pn_index,0,0,0,0,0
1416638907.67612,pg_catalog,pg_user_mapping,pg_user_mapping_user_server_index,0,0,0,0,0
1416638907.67612,pg_catalog,pg_user_mapping,pg_user_mapping_oid_index,0,0,0,0,0
1416638907.67612,pg_catalog,pg_attribute,pg_attribute_relid_attnum_index,691339,1562047,1561868,4607,1433462
1416638907.67612,pg_catalog,pg_attribute,pg_attribute_relid_attnam_index,1082,1082,1082,1820,16478
1416638907.67612,pg_catalog,pg_proc,pg_proc_proname_args_nsp_index,41492,187707,187707,7128,108158
1416638907.67612,pg_catalog,pg_proc,pg_proc_oid_index,260568,260568,260568,5067,549199
1416638907.67612,pg_catalog,pg_attrdef,pg_attrdef_oid_index,0,0,0,0,0
1416638907.67612,pg_catalog,pg_attrdef,pg_attrdef_adrelid_adnum_index,0,0,0,0,0
1416638907.67612,pg_catalog,pg_constraint,pg_constraint_oid_index,295,144,144,38,705
1416638907.67612,pg_catalog,pg_constraint,pg_constraint_contypid_index,0,0,0,38,266
1416638907.67612,pg_catalog,pg_constraint,pg_constraint_conrelid_index,0,0,0,38,266
1416638907.67612,pg_catalog,pg_constraint,pg_constraint_conname_nsp_index,0,0,0,38,266
1416638907.67612,pg_catalog,pg_inherits,pg_inherits_parent_index,0,0,0,0,0
1416638907.67612,pg_catalog,pg_inherits,pg_inherits_relid_seqno_index,1074,0,0,539,535
1416638907.67612,pg_catalog,pg_index,pg_index_indexrelid_index,295782,296951,295782,819,331466
1416638907.67612,pg_catalog,pg_index,pg_index_indrelid_index,80179,243183,243183,1780,99259
1416638907.67612,pg_catalog,pg_opfamily,pg_opfamily_oid_index,0,0,0,0,0
1416638907.67612,pg_catalog,pg_opfamily,pg_opfamily_am_name_nsp_index,0,0,0,0,0
1416638907.67612,pg_catalog,pg_opclass,pg_opclass_oid_index,162621,162621,162621,837,197447
1416638907.67612,pg_catalog,pg_opclass,pg_opclass_am_name_nsp_index,52619,2194561,2194561,2302,64849
1416638907.67612,pg_catalog,pg_am,pg_am_oid_index,0,0,0,0,0
1416638907.67612,pg_catalog,pg_am,pg_am_name_index,0,0,0,0,0
1416638907.67612,pg_catalog,pg_amop,pg_amop_oid_index,0,0,0,0,0
1416638907.67612,pg_catalog,pg_amop,pg_amop_opr_fam_index,128032,360897,360897,2974,277298
1416638907.67612,pg_catalog,pg_amop,pg_amop_fam_strat_index,175229,175229,175229,2506,364394
1416638907.67612,pg_catalog,pg_amproc,pg_amproc_oid_index,0,0,0,0,0
1416638907.67612,pg_catalog,pg_amproc,pg_amproc_fam_proc_index,157680,327928,327928,1367,349656
1416638907.67612,pg_catalog,pg_language,pg_language_oid_index,0,0,0,0,0
1416638907.67612,pg_catalog,pg_language,pg_language_name_index,0,0,0,0,0
1416638907.67612,pg_catalog,pg_largeobject_metadata,pg_largeobject_metadata_oid_index,0,0,0,0,0
1416638907.67612,pg_catalog,pg_aggregate,pg_aggregate_fnoid_index,18526,18526,18526,3028,29256
1416638907.67612,pg_catalog,pg_rewrite,pg_rewrite_rel_rulename_index,6420,5824,5228,1155,9824
1416638907.67612,pg_catalog,pg_rewrite,pg_rewrite_oid_index,1788,1192,1192,819,2188
1416638907.67612,pg_catalog,pg_trigger,pg_trigger_oid_index,0,0,0,0,0
1416638907.67612,pg_catalog,pg_trigger,pg_trigger_tgrelid_tgname_index,0,0,0,0,0
1416638907.67612,pg_catalog,pg_trigger,pg_trigger_tgconstraint_index,0,0,0,0,0
1416638907.67612,pg_catalog,pg_event_trigger,pg_event_trigger_oid_index,0,0,0,0,0
1416638907.67612,pg_catalog,pg_event_trigger,pg_event_trigger_evtname_index,1798,0,0,537,1261
1416638907.67612,pg_catalog,pg_description,pg_description_o_c_o_index,4746,0,0,1519,9047
1416638907.67612,pg_catalog,pg_cast,pg_cast_source_target_index,1162726,275116,275116,865,1195023
1416638907.67612,pg_catalog,pg_cast,pg_cast_oid_index,0,0,0,0,0
1416638907.67612,pg_catalog,pg_database,pg_database_oid_index,49259,49258,49258,895,85482
1416638907.67612,pg_catalog,pg_database,pg_database_datname_index,71377,71376,71376,850,107572
1416638907.67612,pg_catalog,pg_namespace,pg_namespace_oid_index,87404,87362,87362,1327,88641
1416638907.67612,pg_catalog,pg_namespace,pg_namespace_nspname_index,95311,61112,61112,857,128653
1416638907.67612,pg_catalog,pg_conversion,pg_conversion_oid_index,0,0,0,0,0
1416638907.67612,pg_catalog,pg_conversion,pg_conversion_name_nsp_index,0,0,0,0,0
1416638907.67612,pg_catalog,pg_conversion,pg_conversion_default_index,0,0,0,0,0
1416638907.67612,pg_catalog,pg_db_role_setting,pg_db_role_setting_databaseid_rol_index,148468,0,0,374,148094
1416638907.67612,pg_catalog,pg_tablespace,pg_tablespace_spcname_index,0,0,0,55,55
1416638907.67612,pg_catalog,pg_tablespace,pg_tablespace_oid_index,24533,24533,24533,1307,47759
1416638907.67612,pg_catalog,pg_pltemplate,pg_pltemplate_name_index,0,0,0,0,0
1416638907.67612,pg_catalog,pg_auth_members,pg_auth_members_member_role_index,0,0,0,0,0
1416638907.67612,pg_catalog,pg_auth_members,pg_auth_members_role_member_index,0,0,0,0,0
1416638907.67612,pg_catalog,pg_shdepend,pg_shdepend_reference_index,1127,1127,1127,1073,1139
1416638907.67612,pg_catalog,pg_shdepend,pg_shdepend_depender_index,4747,0,0,1029,4793
1416638907.67612,pg_catalog,pg_shdescription,pg_shdescription_o_c_index,0,0,0,0,0
1416638907.67612,pg_catalog,pg_ts_config,pg_ts_config_oid_index,0,0,0,0,0
1416638907.67612,pg_catalog,pg_ts_config,pg_ts_config_cfgname_index,0,0,0,0,0
1416638907.67612,pg_catalog,pg_ts_config_map,pg_ts_config_map_index,0,0,0,0,0
1416638907.67612,pg_catalog,pg_ts_dict,pg_ts_dict_oid_index,0,0,0,0,0
1416638907.67612,pg_catalog,pg_ts_dict,pg_ts_dict_dictname_index,0,0,0,0,0
1416638907.67612,pg_catalog,pg_ts_parser,pg_ts_parser_oid_index,0,0,0,0,0
1416638907.67612,pg_catalog,pg_ts_parser,pg_ts_parser_prsname_index,0,0,0,0,0
1416638907.67612,pg_catalog,pg_ts_template,pg_ts_template_oid_index,0,0,0,0,0
1416638907.67612,pg_catalog,pg_ts_template,pg_ts_template_tmplname_index,0,0,0,0,0
1416638907.67612,pg_catalog,pg_extension,pg_extension_name_index,0,0,0,0,0
1416638907.67612,pg_catalog,pg_extension,pg_extension_oid_index,0,0,0,0,0
1416638907.67612,pg_catalog,pg_foreign_data_wrapper,pg_foreign_data_wrapper_name_index,0,0,0,0,0
1416638907.67612,pg_catalog,pg_foreign_data_wrapper,pg_foreign_data_wrapper_oid_index,0,0,0,0,0
1416638907.67612,pg_catalog,pg_foreign_server,pg_foreign_server_name_index,0,0,0,0,0
1416638907.67612,pg_catalog,pg_foreign_server,pg_foreign_server_oid_index,0,0,0,0,0
1416638907.67612,pg_catalog,pg_foreign_table,pg_foreign_table_relid_index,0,0,0,0,0
1416638907.67612,pg_catalog,pg_rowsecurity,pg_rowsecurity_polname_relid_index,0,0,0,0,0
1416638907.67612,pg_catalog,pg_rowsecurity,pg_rowsecurity_oid_index,0,0,0,0,0
1416638907.67612,pg_catalog,pg_default_acl,pg_default_acl_oid_index,0,0,0,0,0
1416638907.67612,pg_catalog,pg_default_acl,pg_default_acl_role_nsp_obj_index,4336,0,0,491,3845
1416638907.67612,pg_catalog,pg_seclabel,pg_seclabel_object_index,4746,0,0,490,4256
1416638907.67612,pg_catalog,pg_shseclabel,pg_shseclabel_object_index,0,0,0,0,0
1416638907.67612,pg_catalog,pg_collation,pg_collation_oid_index,0,0,0,0,0
1416638907.67612,pg_catalog,pg_collation,pg_collation_name_enc_nsp_index,0,0,0,0,0
1416638907.67612,pg_catalog,pg_range,pg_range_rngtypid_index,8362,0,0,3075,13649
1416638907.67612,pg_toast,pg_toast_12698,pg_toast_12698_index,0,0,0,0,0
1416638907.67612,pg_toast,pg_toast_12703,pg_toast_12703_index,0,0,0,0,0
1416638907.67612,pg_toast,pg_toast_12708,pg_toast_12708_index,0,0,0,0,0
1416638907.67612,pg_toast,pg_toast_12713,pg_toast_12713_index,0,0,0,0,0
1416638907.67612,pg_toast,pg_toast_12718,pg_toast_12718_index,0,0,0,0,0
1416638907.67612,pg_toast,pg_toast_12723,pg_toast_12723_index,0,0,0,0,0
1416638907.67612,pg_catalog,pg_class,pg_class_tblspc_relfilenode_index,0,0,0,1815,5745
1416638907.67612,pg_catalog,pg_class,pg_class_relname_nsp_index,132321,68743,67722,3253,299455
1416638907.67612,pg_catalog,pg_class,pg_class_oid_index,712916,711010,704670,2478,1464447
1416638907.67612,pg_catalog,pg_operator,pg_operator_oprname_l_r_n_index,122943,1258542,1258542,3288,268327
1416638907.67612,pg_catalog,pg_operator,pg_operator_oid_index,144789,144789,144789,2699,312133
1416638907.67612,public,supplier,pk_supplier,0,0,0,275,0
1416638907.67612,public,supplier,supplier_s_suppkey_idx_like,0,0,0,1,0
1416638907.67612,public,supplier,supplier_s_nationkey_s_suppkey_brin_idx,0,0,0,0,3
1416638907.67612,public,nation,pk_nation,0,0,0,1,0
1416638907.67612,pg_catalog,pg_enum,pg_enum_typid_sortorder_index,0,0,0,0,0
1416638907.67612,pg_catalog,pg_enum,pg_enum_typid_label_index,0,0,0,0,0
1416638907.67612,pg_catalog,pg_enum,pg_enum_oid_index,0,0,0,0,0
1416638907.67612,pg_catalog,pg_depend,pg_depend_reference_index,34655,37041,31726,8045,80234
1416638907.67612,pg_catalog,pg_depend,pg_depend_depender_index,10067,16338,16338,4238,34948
1416638907.67612,pg_toast,pg_toast_12693,pg_toast_12693_index,0,0,0,0,0
1416638907.67612,public,part,pk_part,0,0,0,5486,0
1416638907.67612,public,part,part_p_name_idx,0,0,0,13604,0
1416638907.67612,public,part,part_p_container_p_brand_p_partkey_idx,0,0,0,12144,0
1416638907.67612,public,part,part_p_type_p_partkey_idx,0,0,0,11519,0
1416638907.67612,public,part,part_p_size_brin_idx,0,0,0,0,3
1416638907.67612,public,region,pk_region,0,0,0,1,0
1416638907.67612,public,partsupp,pk_partsupp,0,0,0,21936,0
1416638907.67612,public,partsupp,partsupp_ps_suppkey_idx,0,0,0,0,6
1416638967.68214,pg_catalog,pg_statistic,pg_statistic_relid_att_inh_index,190912,183860,183801,2072,409328
1416638967.68214,pg_catalog,pg_type,pg_type_typname_nsp_index,21210,16299,15267,5947,50822
1416638967.68214,pg_catalog,pg_type,pg_type_oid_index,801062,798913,798913,2009,1638996
1416638967.68214,public,customer,pk_customer,0,0,0,4115,0
1416638967.68214,public,customer,customer_c_phone_idx,0,0,0,4115,0
1416638967.68214,public,customer,customer_c_mktsegment_c_custkey_idx,0,0,0,5778,0
1416638967.68214,public,customer,customer_c_nationkey_c_custkey_brin_idx,0,0,0,0,3
1416638967.68214,public,customer,customer_c_phone_idx_c_acctbal,0,0,0,3741,0
1416638967.68214,pg_toast,pg_toast_2619,pg_toast_2619_index,138153,467206,467206,2745,278338
1416638967.68214,pg_toast,pg_toast_1255,pg_toast_1255_index,0,0,0,0,0
1416638967.68214,pg_toast,pg_toast_2604,pg_toast_2604_index,0,0,0,0,0
1416638967.68214,pg_toast,pg_toast_2606,pg_toast_2606_index,0,0,0,0,0
1416638967.68214,pg_toast,pg_toast_2618,pg_toast_2618_index,3346,10684,10684,607,4791
1416638967.68214,pg_toast,pg_toast_2620,pg_toast_2620_index,0,0,0,0,0
1416638967.68214,pg_toast,pg_toast_2609,pg_toast_2609_index,0,0,0,0,0
1416638967.68214,pg_toast,pg_toast_2964,pg_toast_2964_index,0,0,0,0,0
1416638967.68214,pg_toast,pg_toast_2396,pg_toast_2396_index,0,0,0,0,0
1416638967.68214,pg_toast,pg_toast_3596,pg_toast_3596_index,0,0,0,0,0
1416638967.68214,public,orders,orders_o_orderkey_o_orderdate_brin_idx,0,0,0,0,12
1416638967.68214,public,orders,orders_o_orderdate_o_orderkey_brin_idx,0,0,0,0,12
1416638967.68214,public,orders,pk_orders,0,0,0,41130,0
1416638967.68214,pg_catalog,pg_authid,pg_authid_oid_index,34505,34505,34505,902,68108
1416638967.68214,pg_catalog,pg_authid,pg_authid_rolname_index,34300,34300,34300,919,67681
1416638967.68214,pg_catalog,pg_largeobject,pg_largeobject_loid_pn_index,0,0,0,0,0
1416638967.68214,pg_catalog,pg_user_mapping,pg_user_mapping_user_server_index,0,0,0,0,0
1416638967.68214,pg_catalog,pg_user_mapping,pg_user_mapping_oid_index,0,0,0,0,0
1416638967.68214,pg_catalog,pg_attribute,pg_attribute_relid_attnum_index,691567,1562433,1562254,4607,1433930
1416638967.68214,pg_catalog,pg_attribute,pg_attribute_relid_attnam_index,1082,1082,1082,1820,16478
1416638967.68214,pg_catalog,pg_proc,pg_proc_proname_args_nsp_index,41504,187761,187761,7128,108188
1416638967.68214,pg_catalog,pg_proc,pg_proc_oid_index,260640,260640,260640,5067,549349
1416638967.68214,pg_catalog,pg_attrdef,pg_attrdef_oid_index,0,0,0,0,0
1416638967.68214,pg_catalog,pg_attrdef,pg_attrdef_adrelid_adnum_index,0,0,0,0,0
1416638967.68214,pg_catalog,pg_constraint,pg_constraint_oid_index,295,144,144,38,705
1416638967.68214,pg_catalog,pg_constraint,pg_constraint_contypid_index,0,0,0,38,266
1416638967.68214,pg_catalog,pg_constraint,pg_constraint_conrelid_index,0,0,0,38,266
1416638967.68214,pg_catalog,pg_constraint,pg_constraint_conname_nsp_index,0,0,0,38,266
1416638967.68214,pg_catalog,pg_inherits,pg_inherits_parent_index,0,0,0,0,0
1416638967.68214,pg_catalog,pg_inherits,pg_inherits_relid_seqno_index,1074,0,0,539,535
1416638967.68214,pg_catalog,pg_index,pg_index_indexrelid_index,295814,296983,295814,819,331506
1416638967.68214,pg_catalog,pg_index,pg_index_indrelid_index,80198,243217,243217,1780,99284
1416638967.68214,pg_catalog,pg_opfamily,pg_opfamily_oid_index,0,0,0,0,0
1416638967.68214,pg_catalog,pg_opfamily,pg_opfamily_am_name_nsp_index,0,0,0,0,0
1416638967.68214,pg_catalog,pg_opclass,pg_opclass_oid_index,162638,162638,162638,837,197472
1416638967.68214,pg_catalog,pg_opclass,pg_opclass_am_name_nsp_index,52623,2194732,2194732,2302,64856
1416638967.68214,pg_catalog,pg_am,pg_am_oid_index,0,0,0,0,0
1416638967.68214,pg_catalog,pg_am,pg_am_name_index,0,0,0,0,0
1416638967.68214,pg_catalog,pg_amop,pg_amop_oid_index,0,0,0,0,0
1416638967.68214,pg_catalog,pg_amop,pg_amop_opr_fam_index,128046,360934,360934,2974,277331
1416638967.68214,pg_catalog,pg_amop,pg_amop_fam_strat_index,175254,175254,175254,2506,364449
1416638967.68214,pg_catalog,pg_amproc,pg_amproc_oid_index,0,0,0,0,0
1416638967.68214,pg_catalog,pg_amproc,pg_amproc_fam_proc_index,157701,327962,327962,1367,349706
1416638967.68214,pg_catalog,pg_language,pg_language_oid_index,0,0,0,0,0
1416638967.68214,pg_catalog,pg_language,pg_language_name_index,0,0,0,0,0
1416638967.68214,pg_catalog,pg_largeobject_metadata,pg_largeobject_metadata_oid_index,0,0,0,0,0
1416638967.68214,pg_catalog,pg_aggregate,pg_aggregate_fnoid_index,18527,18527,18527,3028,29258
1416638967.68214,pg_catalog,pg_rewrite,pg_rewrite_rel_rulename_index,6428,5832,5236,1155,9838
1416638967.68214,pg_catalog,pg_rewrite,pg_rewrite_oid_index,1788,1192,1192,819,2188
1416638967.68214,pg_catalog,pg_trigger,pg_trigger_oid_index,0,0,0,0,0
1416638967.68214,pg_catalog,pg_trigger,pg_trigger_tgrelid_tgname_index,0,0,0,0,0
1416638967.68214,pg_catalog,pg_trigger,pg_trigger_tgconstraint_index,0,0,0,0,0
1416638967.68214,pg_catalog,pg_event_trigger,pg_event_trigger_oid_index,0,0,0,0,0
1416638967.68214,pg_catalog,pg_event_trigger,pg_event_trigger_evtname_index,1798,0,0,537,1261
1416638967.68214,pg_catalog,pg_description,pg_description_o_c_o_index,4746,0,0,1519,9047
1416638967.68214,pg_catalog,pg_cast,pg_cast_source_target_index,1162802,275149,275149,865,1195105
1416638967.68214,pg_catalog,pg_cast,pg_cast_oid_index,0,0,0,0,0
1416638967.68214,pg_catalog,pg_database,pg_database_oid_index,49276,49275,49275,895,85506
1416638967.68214,pg_catalog,pg_database,pg_database_datname_index,71389,71388,71388,850,107591
1416638967.68214,pg_catalog,pg_namespace,pg_namespace_oid_index,87539,87497,87497,1327,88778
1416638967.68214,pg_catalog,pg_namespace,pg_namespace_nspname_index,95329,61124,61124,857,128677
1416638967.68214,pg_catalog,pg_conversion,pg_conversion_oid_index,0,0,0,0,0
1416638967.68214,pg_catalog,pg_conversion,pg_conversion_name_nsp_index,0,0,0,0,0
1416638967.68214,pg_catalog,pg_conversion,pg_conversion_default_index,0,0,0,0,0
1416638967.68214,pg_catalog,pg_db_role_setting,pg_db_role_setting_databaseid_rol_index,148496,0,0,374,148122
1416638967.68214,pg_catalog,pg_tablespace,pg_tablespace_spcname_index,0,0,0,55,55
1416638967.68214,pg_catalog,pg_tablespace,pg_tablespace_oid_index,24538,24538,24538,1307,47769
1416638967.68214,pg_catalog,pg_pltemplate,pg_pltemplate_name_index,0,0,0,0,0
1416638967.68214,pg_catalog,pg_auth_members,pg_auth_members_member_role_index,0,0,0,0,0
1416638967.68214,pg_catalog,pg_auth_members,pg_auth_members_role_member_index,0,0,0,0,0
1416638967.68214,pg_catalog,pg_shdepend,pg_shdepend_reference_index,1127,1127,1127,1073,1139
1416638967.68214,pg_catalog,pg_shdepend,pg_shdepend_depender_index,4747,0,0,1029,4793
1416638967.68214,pg_catalog,pg_shdescription,pg_shdescription_o_c_index,0,0,0,0,0
1416638967.68214,pg_catalog,pg_ts_config,pg_ts_config_oid_index,0,0,0,0,0
1416638967.68214,pg_catalog,pg_ts_config,pg_ts_config_cfgname_index,0,0,0,0,0
1416638967.68214,pg_catalog,pg_ts_config_map,pg_ts_config_map_index,0,0,0,0,0
1416638967.68214,pg_catalog,pg_ts_dict,pg_ts_dict_oid_index,0,0,0,0,0
1416638967.68214,pg_catalog,pg_ts_dict,pg_ts_dict_dictname_index,0,0,0,0,0
1416638967.68214,pg_catalog,pg_ts_parser,pg_ts_parser_oid_index,0,0,0,0,0
1416638967.68214,pg_catalog,pg_ts_parser,pg_ts_parser_prsname_index,0,0,0,0,0
1416638967.68214,pg_catalog,pg_ts_template,pg_ts_template_oid_index,0,0,0,0,0
1416638967.68214,pg_catalog,pg_ts_template,pg_ts_template_tmplname_index,0,0,0,0,0
1416638967.68214,pg_catalog,pg_extension,pg_extension_name_index,0,0,0,0,0
1416638967.68214,pg_catalog,pg_extension,pg_extension_oid_index,0,0,0,0,0
1416638967.68214,pg_catalog,pg_foreign_data_wrapper,pg_foreign_data_wrapper_name_index,0,0,0,0,0
1416638967.68214,pg_catalog,pg_foreign_data_wrapper,pg_foreign_data_wrapper_oid_index,0,0,0,0,0
1416638967.68214,pg_catalog,pg_foreign_server,pg_foreign_server_name_index,0,0,0,0,0
1416638967.68214,pg_catalog,pg_foreign_server,pg_foreign_server_oid_index,0,0,0,0,0
1416638967.68214,pg_catalog,pg_foreign_table,pg_foreign_table_relid_index,0,0,0,0,0
1416638967.68214,pg_catalog,pg_rowsecurity,pg_rowsecurity_polname_relid_index,0,0,0,0,0
1416638967.68214,pg_catalog,pg_rowsecurity,pg_rowsecurity_oid_index,0,0,0,0,0
1416638967.68214,pg_catalog,pg_default_acl,pg_default_acl_oid_index,0,0,0,0,0
1416638967.68214,pg_catalog,pg_default_acl,pg_default_acl_role_nsp_obj_index,4336,0,0,491,3845
1416638967.68214,pg_catalog,pg_seclabel,pg_seclabel_object_index,4746,0,0,490,4256
1416638967.68214,pg_catalog,pg_shseclabel,pg_shseclabel_object_index,0,0,0,0,0
1416638967.68214,pg_catalog,pg_collation,pg_collation_oid_index,0,0,0,0,0
1416638967.68214,pg_catalog,pg_collation,pg_collation_name_enc_nsp_index,0,0,0,0,0
1416638967.68214,pg_catalog,pg_range,pg_range_rngtypid_index,8362,0,0,3075,13649
1416638967.68214,pg_toast,pg_toast_12698,pg_toast_12698_index,0,0,0,0,0
1416638967.68214,pg_toast,pg_toast_12703,pg_toast_12703_index,0,0,0,0,0
1416638967.68214,pg_toast,pg_toast_12708,pg_toast_12708_index,0,0,0,0,0
1416638967.68214,pg_toast,pg_toast_12713,pg_toast_12713_index,0,0,0,0,0
1416638967.68214,pg_toast,pg_toast_12718,pg_toast_12718_index,0,0,0,0,0
1416638967.68214,pg_toast,pg_toast_12723,pg_toast_12723_index,0,0,0,0,0
1416638967.68214,pg_catalog,pg_class,pg_class_tblspc_relfilenode_index,0,0,0,1815,5748
1416638967.68214,pg_catalog,pg_class,pg_class_relname_nsp_index,132330,68752,67731,3253,299479
1416638967.68214,pg_catalog,pg_class,pg_class_oid_index,713253,711347,705007,2478,1465131
1416638967.68214,pg_catalog,pg_operator,pg_operator_oprname_l_r_n_index,122946,1258545,1258545,3288,268336
1416638967.68214,pg_catalog,pg_operator,pg_operator_oid_index,144804,144804,144804,2699,312169
1416638967.68214,public,supplier,pk_supplier,0,0,0,275,0
1416638967.68214,public,supplier,supplier_s_suppkey_idx_like,0,0,0,1,0
1416638967.68214,public,supplier,supplier_s_nationkey_s_suppkey_brin_idx,0,0,0,0,3
1416638967.68214,public,nation,pk_nation,0,0,0,1,0
1416638967.68214,pg_catalog,pg_enum,pg_enum_typid_sortorder_index,0,0,0,0,0
1416638967.68214,pg_catalog,pg_enum,pg_enum_typid_label_index,0,0,0,0,0
1416638967.68214,pg_catalog,pg_enum,pg_enum_oid_index,0,0,0,0,0
1416638967.68214,pg_catalog,pg_depend,pg_depend_reference_index,34655,37041,31726,8045,80234
1416638967.68214,pg_catalog,pg_depend,pg_depend_depender_index,10067,16338,16338,4238,34948
1416638967.68214,pg_toast,pg_toast_12693,pg_toast_12693_index,0,0,0,0,0
1416638967.68214,public,part,pk_part,0,0,0,5486,0
1416638967.68214,public,part,part_p_name_idx,0,0,0,13604,0
1416638967.68214,public,part,part_p_container_p_brand_p_partkey_idx,0,0,0,12144,0
1416638967.68214,public,part,part_p_type_p_partkey_idx,0,0,0,11519,0
1416638967.68214,public,part,part_p_size_brin_idx,0,0,0,0,3
1416638967.68214,public,region,pk_region,0,0,0,1,0
1416638967.68214,public,partsupp,pk_partsupp,0,0,0,21936,0
1416638967.68214,public,partsupp,partsupp_ps_suppkey_idx,0,0,0,0,6
1416639027.68174,pg_catalog,pg_statistic,pg_statistic_relid_att_inh_index,190933,183877,183818,2072,409374
1416639027.68174,pg_catalog,pg_type,pg_type_typname_nsp_index,21210,16299,15267,5947,50822
1416639027.68174,pg_catalog,pg_type,pg_type_oid_index,801138,798989,798989,2009,1639152
1416639027.68174,public,customer,pk_customer,0,0,0,4115,0
1416639027.68174,public,customer,customer_c_phone_idx,0,0,0,4115,0
1416639027.68174,public,customer,customer_c_mktsegment_c_custkey_idx,0,0,0,5778,0
1416639027.68174,public,customer,customer_c_nationkey_c_custkey_brin_idx,0,0,0,0,3
1416639027.68174,public,customer,customer_c_phone_idx_c_acctbal,0,0,0,3741,0
1416639027.68174,pg_toast,pg_toast_2619,pg_toast_2619_index,138156,467212,467212,2745,278347
1416639027.68174,pg_toast,pg_toast_1255,pg_toast_1255_index,0,0,0,0,0
1416639027.68174,pg_toast,pg_toast_2604,pg_toast_2604_index,0,0,0,0,0
1416639027.68174,pg_toast,pg_toast_2606,pg_toast_2606_index,0,0,0,0,0
1416639027.68174,pg_toast,pg_toast_2618,pg_toast_2618_index,3350,10698,10698,607,4797
1416639027.68174,pg_toast,pg_toast_2620,pg_toast_2620_index,0,0,0,0,0
1416639027.68174,pg_toast,pg_toast_2609,pg_toast_2609_index,0,0,0,0,0
1416639027.68174,pg_toast,pg_toast_2964,pg_toast_2964_index,0,0,0,0,0
1416639027.68174,pg_toast,pg_toast_2396,pg_toast_2396_index,0,0,0,0,0
1416639027.68174,pg_toast,pg_toast_3596,pg_toast_3596_index,0,0,0,0,0
1416639027.68174,public,orders,orders_o_orderkey_o_orderdate_brin_idx,0,0,0,0,12
1416639027.68174,public,orders,orders_o_orderdate_o_orderkey_brin_idx,0,0,0,0,12
1416639027.68174,public,orders,pk_orders,0,0,0,41130,0
1416639027.68174,pg_catalog,pg_authid,pg_authid_oid_index,34510,34510,34510,902,68118
1416639027.68174,pg_catalog,pg_authid,pg_authid_rolname_index,34305,34305,34305,919,67691
1416639027.68174,pg_catalog,pg_largeobject,pg_largeobject_loid_pn_index,0,0,0,0,0
1416639027.68174,pg_catalog,pg_user_mapping,pg_user_mapping_user_server_index,0,0,0,0,0
1416639027.68174,pg_catalog,pg_user_mapping,pg_user_mapping_oid_index,0,0,0,0,0
1416639027.68174,pg_catalog,pg_attribute,pg_attribute_relid_attnum_index,691757,1562738,1562559,4607,1434317
1416639027.68174,pg_catalog,pg_attribute,pg_attribute_relid_attnam_index,1082,1082,1082,1820,16478
1416639027.68174,pg_catalog,pg_proc,pg_proc_proname_args_nsp_index,41512,187797,187797,7128,108208
1416639027.68174,pg_catalog,pg_proc,pg_proc_oid_index,260704,260704,260704,5067,549481
1416639027.68174,pg_catalog,pg_attrdef,pg_attrdef_oid_index,0,0,0,0,0
1416639027.68174,pg_catalog,pg_attrdef,pg_attrdef_adrelid_adnum_index,0,0,0,0,0
1416639027.68174,pg_catalog,pg_constraint,pg_constraint_oid_index,295,144,144,38,705
1416639027.68174,pg_catalog,pg_constraint,pg_constraint_contypid_index,0,0,0,38,266
1416639027.68174,pg_catalog,pg_constraint,pg_constraint_conrelid_index,0,0,0,38,266
1416639027.68174,pg_catalog,pg_constraint,pg_constraint_conname_nsp_index,0,0,0,38,266
1416639027.68174,pg_catalog,pg_inherits,pg_inherits_parent_index,0,0,0,0,0
1416639027.68174,pg_catalog,pg_inherits,pg_inherits_relid_seqno_index,1074,0,0,539,535
1416639027.68174,pg_catalog,pg_index,pg_index_indexrelid_index,295841,297010,295841,819,331540
1416639027.68174,pg_catalog,pg_index,pg_index_indrelid_index,80211,243241,243241,1780,99301
1416639027.68174,pg_catalog,pg_opfamily,pg_opfamily_oid_index,0,0,0,0,0
1416639027.68174,pg_catalog,pg_opfamily,pg_opfamily_am_name_nsp_index,0,0,0,0,0
1416639027.68174,pg_catalog,pg_opclass,pg_opclass_oid_index,162652,162652,162652,837,197493
1416639027.68174,pg_catalog,pg_opclass,pg_opclass_am_name_nsp_index,52627,2194903,2194903,2302,64863
1416639027.68174,pg_catalog,pg_am,pg_am_oid_index,0,0,0,0,0
1416639027.68174,pg_catalog,pg_am,pg_am_name_index,0,0,0,0,0
1416639027.68174,pg_catalog,pg_amop,pg_amop_oid_index,0,0,0,0,0
1416639027.68174,pg_catalog,pg_amop,pg_amop_opr_fam_index,128056,360959,360959,2974,277354
1416639027.68174,pg_catalog,pg_amop,pg_amop_fam_strat_index,175271,175271,175271,2506,364486
1416639027.68174,pg_catalog,pg_amproc,pg_amproc_oid_index,0,0,0,0,0
1416639027.68174,pg_catalog,pg_amproc,pg_amproc_fam_proc_index,157715,327984,327984,1367,349739
1416639027.68174,pg_catalog,pg_language,pg_language_oid_index,0,0,0,0,0
1416639027.68174,pg_catalog,pg_language,pg_language_name_index,0,0,0,0,0
1416639027.68174,pg_catalog,pg_largeobject_metadata,pg_largeobject_metadata_oid_index,0,0,0,0,0
1416639027.68174,pg_catalog,pg_aggregate,pg_aggregate_fnoid_index,18528,18528,18528,3028,29260
1416639027.68174,pg_catalog,pg_rewrite,pg_rewrite_rel_rulename_index,6434,5838,5242,1155,9848
1416639027.68174,pg_catalog,pg_rewrite,pg_rewrite_oid_index,1788,1192,1192,819,2188
1416639027.68174,pg_catalog,pg_trigger,pg_trigger_oid_index,0,0,0,0,0
1416639027.68174,pg_catalog,pg_trigger,pg_trigger_tgrelid_tgname_index,0,0,0,0,0
1416639027.68174,pg_catalog,pg_trigger,pg_trigger_tgconstraint_index,0,0,0,0,0
1416639027.68174,pg_catalog,pg_event_trigger,pg_event_trigger_oid_index,0,0,0,0,0
1416639027.68174,pg_catalog,pg_event_trigger,pg_event_trigger_evtname_index,1798,0,0,537,1261
1416639027.68174,pg_catalog,pg_description,pg_description_o_c_o_index,4746,0,0,1519,9047
1416639027.68174,pg_catalog,pg_cast,pg_cast_source_target_index,1162864,275172,275172,865,1195171
1416639027.68174,pg_catalog,pg_cast,pg_cast_oid_index,0,0,0,0,0
1416639027.68174,pg_catalog,pg_database,pg_database_oid_index,49291,49290,49290,895,85528
1416639027.68174,pg_catalog,pg_database,pg_database_datname_index,71401,71400,71400,850,107610
1416639027.68174,pg_catalog,pg_namespace,pg_namespace_oid_index,87674,87632,87632,1327,88915
1416639027.68174,pg_catalog,pg_namespace,pg_namespace_nspname_index,95341,61132,61132,857,128693
1416639027.68174,pg_catalog,pg_conversion,pg_conversion_oid_index,0,0,0,0,0
1416639027.68174,pg_catalog,pg_conversion,pg_conversion_name_nsp_index,0,0,0,0,0
1416639027.68174,pg_catalog,pg_conversion,pg_conversion_default_index,0,0,0,0,0
1416639027.68174,pg_catalog,pg_db_role_setting,pg_db_role_setting_databaseid_rol_index,148524,0,0,374,148150
1416639027.68174,pg_catalog,pg_tablespace,pg_tablespace_spcname_index,0,0,0,55,55
1416639027.68174,pg_catalog,pg_tablespace,pg_tablespace_oid_index,24543,24543,24543,1307,47779
1416639027.68174,pg_catalog,pg_pltemplate,pg_pltemplate_name_index,0,0,0,0,0
1416639027.68174,pg_catalog,pg_auth_members,pg_auth_members_member_role_index,0,0,0,0,0
1416639027.68174,pg_catalog,pg_auth_members,pg_auth_members_role_member_index,0,0,0,0,0
1416639027.68174,pg_catalog,pg_shdepend,pg_shdepend_reference_index,1127,1127,1127,1073,1139
1416639027.68174,pg_catalog,pg_shdepend,pg_shdepend_depender_index,4747,0,0,1029,4793
1416639027.68174,pg_catalog,pg_shdescription,pg_shdescription_o_c_index,0,0,0,0,0
1416639027.68174,pg_catalog,pg_ts_config,pg_ts_config_oid_index,0,0,0,0,0
1416639027.68174,pg_catalog,pg_ts_config,pg_ts_config_cfgname_index,0,0,0,0,0
1416639027.68174,pg_catalog,pg_ts_config_map,pg_ts_config_map_index,0,0,0,0,0
1416639027.68174,pg_catalog,pg_ts_dict,pg_ts_dict_oid_index,0,0,0,0,0
1416639027.68174,pg_catalog,pg_ts_dict,pg_ts_dict_dictname_index,0,0,0,0,0
1416639027.68174,pg_catalog,pg_ts_parser,pg_ts_parser_oid_index,0,0,0,0,0
1416639027.68174,pg_catalog,pg_ts_parser,pg_ts_parser_prsname_index,0,0,0,0,0
1416639027.68174,pg_catalog,pg_ts_template,pg_ts_template_oid_index,0,0,0,0,0
1416639027.68174,pg_catalog,pg_ts_template,pg_ts_template_tmplname_index,0,0,0,0,0
1416639027.68174,pg_catalog,pg_extension,pg_extension_name_index,0,0,0,0,0
1416639027.68174,pg_catalog,pg_extension,pg_extension_oid_index,0,0,0,0,0
1416639027.68174,pg_catalog,pg_foreign_data_wrapper,pg_foreign_data_wrapper_name_index,0,0,0,0,0
1416639027.68174,pg_catalog,pg_foreign_data_wrapper,pg_foreign_data_wrapper_oid_index,0,0,0,0,0
1416639027.68174,pg_catalog,pg_foreign_server,pg_foreign_server_name_index,0,0,0,0,0
1416639027.68174,pg_catalog,pg_foreign_server,pg_foreign_server_oid_index,0,0,0,0,0
1416639027.68174,pg_catalog,pg_foreign_table,pg_foreign_table_relid_index,0,0,0,0,0
1416639027.68174,pg_catalog,pg_rowsecurity,pg_rowsecurity_polname_relid_index,0,0,0,0,0
1416639027.68174,pg_catalog,pg_rowsecurity,pg_rowsecurity_oid_index,0,0,0,0,0
1416639027.68174,pg_catalog,pg_default_acl,pg_default_acl_oid_index,0,0,0,0,0
1416639027.68174,pg_catalog,pg_default_acl,pg_default_acl_role_nsp_obj_index,4336,0,0,491,3845
1416639027.68174,pg_catalog,pg_seclabel,pg_seclabel_object_index,4746,0,0,490,4256
1416639027.68174,pg_catalog,pg_shseclabel,pg_shseclabel_object_index,0,0,0,0,0
1416639027.68174,pg_catalog,pg_collation,pg_collation_oid_index,0,0,0,0,0
1416639027.68174,pg_catalog,pg_collation,pg_collation_name_enc_nsp_index,0,0,0,0,0
1416639027.68174,pg_catalog,pg_range,pg_range_rngtypid_index,8362,0,0,3075,13649
1416639027.68174,pg_toast,pg_toast_12698,pg_toast_12698_index,0,0,0,0,0
1416639027.68174,pg_toast,pg_toast_12703,pg_toast_12703_index,0,0,0,0,0
1416639027.68174,pg_toast,pg_toast_12708,pg_toast_12708_index,0,0,0,0,0
1416639027.68174,pg_toast,pg_toast_12713,pg_toast_12713_index,0,0,0,0,0
1416639027.68174,pg_toast,pg_toast_12718,pg_toast_12718_index,0,0,0,0,0
1416639027.68174,pg_toast,pg_toast_12723,pg_toast_12723_index,0,0,0,0,0
1416639027.68174,pg_catalog,pg_class,pg_class_tblspc_relfilenode_index,0,0,0,1815,5751
1416639027.68174,pg_catalog,pg_class,pg_class_relname_nsp_index,132337,68759,67738,3253,299497
1416639027.68174,pg_catalog,pg_class,pg_class_oid_index,713574,711668,705328,2478,1465782
1416639027.68174,pg_catalog,pg_operator,pg_operator_oprname_l_r_n_index,122949,1258548,1258548,3288,268345
1416639027.68174,pg_catalog,pg_operator,pg_operator_oid_index,144817,144817,144817,2699,312199
1416639027.68174,public,supplier,pk_supplier,0,0,0,275,0
1416639027.68174,public,supplier,supplier_s_suppkey_idx_like,0,0,0,1,0
1416639027.68174,public,supplier,supplier_s_nationkey_s_suppkey_brin_idx,0,0,0,0,3
1416639027.68174,public,nation,pk_nation,0,0,0,1,0
1416639027.68174,pg_catalog,pg_enum,pg_enum_typid_sortorder_index,0,0,0,0,0
1416639027.68174,pg_catalog,pg_enum,pg_enum_typid_label_index,0,0,0,0,0
1416639027.68174,pg_catalog,pg_enum,pg_enum_oid_index,0,0,0,0,0
1416639027.68174,pg_catalog,pg_depend,pg_depend_reference_index,34655,37041,31726,8045,80234
1416639027.68174,pg_catalog,pg_depend,pg_depend_depender_index,10067,16338,16338,4238,34948
1416639027.68174,pg_toast,pg_toast_12693,pg_toast_12693_index,0,0,0,0,0
1416639027.68174,public,part,pk_part,0,0,0,5486,0
1416639027.68174,public,part,part_p_name_idx,0,0,0,13604,0
1416639027.68174,public,part,part_p_container_p_brand_p_partkey_idx,0,0,0,12144,0
1416639027.68174,public,part,part_p_type_p_partkey_idx,0,0,0,11519,0
1416639027.68174,public,part,part_p_size_brin_idx,0,0,0,0,3
1416639027.68174,public,region,pk_region,0,0,0,1,0
1416639027.68174,public,partsupp,pk_partsupp,0,0,0,21936,0
1416639027.68174,public,partsupp,partsupp_ps_suppkey_idx,0,0,0,0,6
1416639087.68591,pg_catalog,pg_statistic,pg_statistic_relid_att_inh_index,190965,183901,183842,2072,409445
1416639087.68591,pg_catalog,pg_type,pg_type_typname_nsp_index,21210,16299,15267,5947,50822
1416639087.68591,pg_catalog,pg_type,pg_type_oid_index,801271,799122,799122,2009,1639426
1416639087.68591,public,customer,pk_customer,0,0,0,4115,0
1416639087.68591,public,customer,customer_c_phone_idx,0,0,0,4115,0
1416639087.68591,public,customer,customer_c_mktsegment_c_custkey_idx,0,0,0,5778,0
1416639087.68591,public,customer,customer_c_nationkey_c_custkey_brin_idx,0,0,0,0,3
1416639087.68591,public,customer,customer_c_phone_idx_c_acctbal,0,0,0,3741,0
1416639087.68591,pg_toast,pg_toast_2619,pg_toast_2619_index,138160,467220,467220,2745,278359
1416639087.68591,pg_toast,pg_toast_1255,pg_toast_1255_index,0,0,0,0,0
1416639087.68591,pg_toast,pg_toast_2604,pg_toast_2604_index,0,0,0,0,0
1416639087.68591,pg_toast,pg_toast_2606,pg_toast_2606_index,0,0,0,0,0
1416639087.68591,pg_toast,pg_toast_2618,pg_toast_2618_index,3356,10716,10716,607,4807
1416639087.68591,pg_toast,pg_toast_2620,pg_toast_2620_index,0,0,0,0,0
1416639087.68591,pg_toast,pg_toast_2609,pg_toast_2609_index,0,0,0,0,0
1416639087.68591,pg_toast,pg_toast_2964,pg_toast_2964_index,0,0,0,0,0
1416639087.68591,pg_toast,pg_toast_2396,pg_toast_2396_index,0,0,0,0,0
1416639087.68591,pg_toast,pg_toast_3596,pg_toast_3596_index,0,0,0,0,0
1416639087.68591,public,orders,orders_o_orderkey_o_orderdate_brin_idx,0,0,0,0,12
1416639087.68591,public,orders,orders_o_orderdate_o_orderkey_brin_idx,0,0,0,0,12
1416639087.68591,public,orders,pk_orders,0,0,0,41130,0
1416639087.68591,pg_catalog,pg_authid,pg_authid_oid_index,34517,34517,34517,902,68132
1416639087.68591,pg_catalog,pg_authid,pg_authid_rolname_index,34312,34312,34312,919,67705
1416639087.68591,pg_catalog,pg_largeobject,pg_largeobject_loid_pn_index,0,0,0,0,0
1416639087.68591,pg_catalog,pg_user_mapping,pg_user_mapping_user_server_index,0,0,0,0,0
1416639087.68591,pg_catalog,pg_user_mapping,pg_user_mapping_oid_index,0,0,0,0,0
1416639087.68591,pg_catalog,pg_attribute,pg_attribute_relid_attnum_index,691997,1563169,1562990,4607,1434810
1416639087.68591,pg_catalog,pg_attribute,pg_attribute_relid_attnam_index,1082,1082,1082,1820,16478
1416639087.68591,pg_catalog,pg_proc,pg_proc_proname_args_nsp_index,41526,187860,187860,7128,108243
1416639087.68591,pg_catalog,pg_proc,pg_proc_oid_index,260780,260780,260780,5067,549640
1416639087.68591,pg_catalog,pg_attrdef,pg_attrdef_oid_index,0,0,0,0,0
1416639087.68591,pg_catalog,pg_attrdef,pg_attrdef_adrelid_adnum_index,0,0,0,0,0
1416639087.68591,pg_catalog,pg_constraint,pg_constraint_oid_index,295,144,144,38,705
1416639087.68591,pg_catalog,pg_constraint,pg_constraint_contypid_index,0,0,0,38,266
1416639087.68591,pg_catalog,pg_constraint,pg_constraint_conrelid_index,0,0,0,38,266
1416639087.68591,pg_catalog,pg_constraint,pg_constraint_conname_nsp_index,0,0,0,38,266
1416639087.68591,pg_catalog,pg_inherits,pg_inherits_parent_index,0,0,0,0,0
1416639087.68591,pg_catalog,pg_inherits,pg_inherits_relid_seqno_index,1074,0,0,539,535
1416639087.68591,pg_catalog,pg_index,pg_index_indexrelid_index,295876,297045,295876,819,331583
1416639087.68591,pg_catalog,pg_index,pg_index_indrelid_index,80232,243279,243279,1780,99329
1416639087.68591,pg_catalog,pg_opfamily,pg_opfamily_oid_index,0,0,0,0,0
1416639087.68591,pg_catalog,pg_opfamily,pg_opfamily_am_name_nsp_index,0,0,0,0,0
1416639087.68591,pg_catalog,pg_opclass,pg_opclass_oid_index,162672,162672,162672,837,197521
1416639087.68591,pg_catalog,pg_opclass,pg_opclass_am_name_nsp_index,52633,2195157,2195157,2302,64873
1416639087.68591,pg_catalog,pg_am,pg_am_oid_index,0,0,0,0,0
1416639087.68591,pg_catalog,pg_am,pg_am_name_index,0,0,0,0,0
1416639087.68591,pg_catalog,pg_amop,pg_amop_oid_index,0,0,0,0,0
1416639087.68591,pg_catalog,pg_amop,pg_amop_opr_fam_index,128073,361004,361004,2974,277394
1416639087.68591,pg_catalog,pg_amop,pg_amop_fam_strat_index,175303,175303,175303,2506,364556
1416639087.68591,pg_catalog,pg_amproc,pg_amproc_oid_index,0,0,0,0,0
1416639087.68591,pg_catalog,pg_amproc,pg_amproc_fam_proc_index,157742,328027,328027,1367,349803
1416639087.68591,pg_catalog,pg_language,pg_language_oid_index,0,0,0,0,0
1416639087.68591,pg_catalog,pg_language,pg_language_name_index,0,0,0,0,0
1416639087.68591,pg_catalog,pg_largeobject_metadata,pg_largeobject_metadata_oid_index,0,0,0,0,0
1416639087.68591,pg_catalog,pg_aggregate,pg_aggregate_fnoid_index,18529,18529,18529,3028,29262
1416639087.68591,pg_catalog,pg_rewrite,pg_rewrite_rel_rulename_index,6443,5847,5251,1155,9864
1416639087.68591,pg_catalog,pg_rewrite,pg_rewrite_oid_index,1788,1192,1192,819,2188
1416639087.68591,pg_catalog,pg_trigger,pg_trigger_oid_index,0,0,0,0,0
1416639087.68591,pg_catalog,pg_trigger,pg_trigger_tgrelid_tgname_index,0,0,0,0,0
1416639087.68591,pg_catalog,pg_trigger,pg_trigger_tgconstraint_index,0,0,0,0,0
1416639087.68591,pg_catalog,pg_event_trigger,pg_event_trigger_oid_index,0,0,0,0,0
1416639087.68591,pg_catalog,pg_event_trigger,pg_event_trigger_evtname_index,1798,0,0,537,1261
1416639087.68591,pg_catalog,pg_description,pg_description_o_c_o_index,4746,0,0,1519,9047
1416639087.68591,pg_catalog,pg_cast,pg_cast_source_target_index,1162969,275211,275211,865,1195283
1416639087.68591,pg_catalog,pg_cast,pg_cast_oid_index,0,0,0,0,0
1416639087.68591,pg_catalog,pg_database,pg_database_oid_index,49310,49309,49309,895,85556
1416639087.68591,pg_catalog,pg_database,pg_database_datname_index,71417,71416,71416,850,107635
1416639087.68591,pg_catalog,pg_namespace,pg_namespace_oid_index,87810,87768,87768,1327,89054
1416639087.68591,pg_catalog,pg_namespace,pg_namespace_nspname_index,95364,61147,61147,857,128724
1416639087.68591,pg_catalog,pg_conversion,pg_conversion_oid_index,0,0,0,0,0
1416639087.68591,pg_catalog,pg_conversion,pg_conversion_name_nsp_index,0,0,0,0,0
1416639087.68591,pg_catalog,pg_conversion,pg_conversion_default_index,0,0,0,0,0
1416639087.68591,pg_catalog,pg_db_role_setting,pg_db_role_setting_databaseid_rol_index,148560,0,0,374,148186
1416639087.68591,pg_catalog,pg_tablespace,pg_tablespace_spcname_index,0,0,0,55,55
1416639087.68591,pg_catalog,pg_tablespace,pg_tablespace_oid_index,24548,24548,24548,1307,47789
1416639087.68591,pg_catalog,pg_pltemplate,pg_pltemplate_name_index,0,0,0,0,0
1416639087.68591,pg_catalog,pg_auth_members,pg_auth_members_member_role_index,0,0,0,0,0
1416639087.68591,pg_catalog,pg_auth_members,pg_auth_members_role_member_index,0,0,0,0,0
1416639087.68591,pg_catalog,pg_shdepend,pg_shdepend_reference_index,1127,1127,1127,1073,1139
1416639087.68591,pg_catalog,pg_shdepend,pg_shdepend_depender_index,4747,0,0,1029,4793
1416639087.68591,pg_catalog,pg_shdescription,pg_shdescription_o_c_index,0,0,0,0,0
1416639087.68591,pg_catalog,pg_ts_config,pg_ts_config_oid_index,0,0,0,0,0
1416639087.68591,pg_catalog,pg_ts_config,pg_ts_config_cfgname_index,0,0,0,0,0
1416639087.68591,pg_catalog,pg_ts_config_map,pg_ts_config_map_index,0,0,0,0,0
1416639087.68591,pg_catalog,pg_ts_dict,pg_ts_dict_oid_index,0,0,0,0,0
1416639087.68591,pg_catalog,pg_ts_dict,pg_ts_dict_dictname_index,0,0,0,0,0
1416639087.68591,pg_catalog,pg_ts_parser,pg_ts_parser_oid_index,0,0,0,0,0
1416639087.68591,pg_catalog,pg_ts_parser,pg_ts_parser_prsname_index,0,0,0,0,0
1416639087.68591,pg_catalog,pg_ts_template,pg_ts_template_oid_index,0,0,0,0,0
1416639087.68591,pg_catalog,pg_ts_template,pg_ts_template_tmplname_index,0,0,0,0,0
1416639087.68591,pg_catalog,pg_extension,pg_extension_name_index,0,0,0,0,0
1416639087.68591,pg_catalog,pg_extension,pg_extension_oid_index,0,0,0,0,0
1416639087.68591,pg_catalog,pg_foreign_data_wrapper,pg_foreign_data_wrapper_name_index,0,0,0,0,0
1416639087.68591,pg_catalog,pg_foreign_data_wrapper,pg_foreign_data_wrapper_oid_index,0,0,0,0,0
1416639087.68591,pg_catalog,pg_foreign_server,pg_foreign_server_name_index,0,0,0,0,0
1416639087.68591,pg_catalog,pg_foreign_server,pg_foreign_server_oid_index,0,0,0,0,0
1416639087.68591,pg_catalog,pg_foreign_table,pg_foreign_table_relid_index,0,0,0,0,0
1416639087.68591,pg_catalog,pg_rowsecurity,pg_rowsecurity_polname_relid_index,0,0,0,0,0
1416639087.68591,pg_catalog,pg_rowsecurity,pg_rowsecurity_oid_index,0,0,0,0,0
1416639087.68591,pg_catalog,pg_default_acl,pg_default_acl_oid_index,0,0,0,0,0
1416639087.68591,pg_catalog,pg_default_acl,pg_default_acl_role_nsp_obj_index,4336,0,0,491,3845
1416639087.68591,pg_catalog,pg_seclabel,pg_seclabel_object_index,4746,0,0,490,4256
1416639087.68591,pg_catalog,pg_shseclabel,pg_shseclabel_object_index,0,0,0,0,0
1416639087.68591,pg_catalog,pg_collation,pg_collation_oid_index,0,0,0,0,0
1416639087.68591,pg_catalog,pg_collation,pg_collation_name_enc_nsp_index,0,0,0,0,0
1416639087.68591,pg_catalog,pg_range,pg_range_rngtypid_index,8362,0,0,3075,13649
1416639087.68591,pg_toast,pg_toast_12698,pg_toast_12698_index,0,0,0,0,0
1416639087.68591,pg_toast,pg_toast_12703,pg_toast_12703_index,0,0,0,0,0
1416639087.68591,pg_toast,pg_toast_12708,pg_toast_12708_index,0,0,0,0,0
1416639087.68591,pg_toast,pg_toast_12713,pg_toast_12713_index,0,0,0,0,0
1416639087.68591,pg_toast,pg_toast_12718,pg_toast_12718_index,0,0,0,0,0
1416639087.68591,pg_toast,pg_toast_12723,pg_toast_12723_index,0,0,0,0,0
1416639087.68591,pg_catalog,pg_class,pg_class_tblspc_relfilenode_index,0,0,0,1815,5755
1416639087.68591,pg_catalog,pg_class,pg_class_relname_nsp_index,132350,68771,67750,3253,299531
1416639087.68591,pg_catalog,pg_class,pg_class_oid_index,713921,712015,705675,2478,1466486
1416639087.68591,pg_catalog,pg_operator,pg_operator_oprname_l_r_n_index,122953,1258552,1258552,3288,268357
1416639087.68591,pg_catalog,pg_operator,pg_operator_oid_index,144833,144833,144833,2699,312238
1416639087.68591,public,supplier,pk_supplier,0,0,0,275,0
1416639087.68591,public,supplier,supplier_s_suppkey_idx_like,0,0,0,1,0
1416639087.68591,public,supplier,supplier_s_nationkey_s_suppkey_brin_idx,0,0,0,0,3
1416639087.68591,public,nation,pk_nation,0,0,0,1,0
1416639087.68591,pg_catalog,pg_enum,pg_enum_typid_sortorder_index,0,0,0,0,0
1416639087.68591,pg_catalog,pg_enum,pg_enum_typid_label_index,0,0,0,0,0
1416639087.68591,pg_catalog,pg_enum,pg_enum_oid_index,0,0,0,0,0
1416639087.68591,pg_catalog,pg_depend,pg_depend_reference_index,34655,37041,31726,8045,80234
1416639087.68591,pg_catalog,pg_depend,pg_depend_depender_index,10067,16338,16338,4238,34948
1416639087.68591,pg_toast,pg_toast_12693,pg_toast_12693_index,0,0,0,0,0
1416639087.68591,public,part,pk_part,0,0,0,5486,0
1416639087.68591,public,part,part_p_name_idx,0,0,0,13604,0
1416639087.68591,public,part,part_p_container_p_brand_p_partkey_idx,0,0,0,12144,0
1416639087.68591,public,part,part_p_type_p_partkey_idx,0,0,0,11519,0
1416639087.68591,public,part,part_p_size_brin_idx,0,0,0,0,3
1416639087.68591,public,region,pk_region,0,0,0,1,0
1416639087.68591,public,partsupp,pk_partsupp,0,0,0,21936,0
1416639087.68591,public,partsupp,partsupp_ps_suppkey_idx,0,0,0,0,6
1416639147.68962,pg_catalog,pg_statistic,pg_statistic_relid_att_inh_index,190987,183917,183858,2072,409493
1416639147.68962,pg_catalog,pg_type,pg_type_typname_nsp_index,21210,16299,15267,5947,50822
1416639147.68962,pg_catalog,pg_type,pg_type_oid_index,801345,799196,799196,2009,1639579
1416639147.68962,public,customer,pk_customer,0,0,0,4115,0
1416639147.68962,public,customer,customer_c_phone_idx,0,0,0,4115,0
1416639147.68962,public,customer,customer_c_mktsegment_c_custkey_idx,0,0,0,5778,0
1416639147.68962,public,customer,customer_c_nationkey_c_custkey_brin_idx,0,0,0,0,3
1416639147.68962,public,customer,customer_c_phone_idx_c_acctbal,0,0,0,3741,0
1416639147.68962,pg_toast,pg_toast_2619,pg_toast_2619_index,138162,467224,467224,2745,278365
1416639147.68962,pg_toast,pg_toast_1255,pg_toast_1255_index,0,0,0,0,0
1416639147.68962,pg_toast,pg_toast_2604,pg_toast_2604_index,0,0,0,0,0
1416639147.68962,pg_toast,pg_toast_2606,pg_toast_2606_index,0,0,0,0,0
1416639147.68962,pg_toast,pg_toast_2618,pg_toast_2618_index,3361,10732,10732,607,4815
1416639147.68962,pg_toast,pg_toast_2620,pg_toast_2620_index,0,0,0,0,0
1416639147.68962,pg_toast,pg_toast_2609,pg_toast_2609_index,0,0,0,0,0
1416639147.68962,pg_toast,pg_toast_2964,pg_toast_2964_index,0,0,0,0,0
1416639147.68962,pg_toast,pg_toast_2396,pg_toast_2396_index,0,0,0,0,0
1416639147.68962,pg_toast,pg_toast_3596,pg_toast_3596_index,0,0,0,0,0
1416639147.68962,public,orders,orders_o_orderkey_o_orderdate_brin_idx,0,0,0,0,12
1416639147.68962,public,orders,orders_o_orderdate_o_orderkey_brin_idx,0,0,0,0,12
1416639147.68962,public,orders,pk_orders,0,0,0,41130,0
1416639147.68962,pg_catalog,pg_authid,pg_authid_oid_index,34528,34528,34528,902,68154
1416639147.68962,pg_catalog,pg_authid,pg_authid_rolname_index,34323,34323,34323,919,67727
1416639147.68962,pg_catalog,pg_largeobject,pg_largeobject_loid_pn_index,0,0,0,0,0
1416639147.68962,pg_catalog,pg_user_mapping,pg_user_mapping_user_server_index,0,0,0,0,0
1416639147.68962,pg_catalog,pg_user_mapping,pg_user_mapping_oid_index,0,0,0,0,0
1416639147.68962,pg_catalog,pg_attribute,pg_attribute_relid_attnum_index,692212,1563558,1563379,4607,1435260
1416639147.68962,pg_catalog,pg_attribute,pg_attribute_relid_attnam_index,1084,1084,1084,1820,16487
1416639147.68962,pg_catalog,pg_proc,pg_proc_proname_args_nsp_index,41534,187896,187896,7128,108263
1416639147.68962,pg_catalog,pg_proc,pg_proc_oid_index,260844,260844,260844,5067,549772
1416639147.68962,pg_catalog,pg_attrdef,pg_attrdef_oid_index,0,0,0,0,0
1416639147.68962,pg_catalog,pg_attrdef,pg_attrdef_adrelid_adnum_index,0,0,0,0,0
1416639147.68962,pg_catalog,pg_constraint,pg_constraint_oid_index,295,144,144,38,705
1416639147.68962,pg_catalog,pg_constraint,pg_constraint_contypid_index,0,0,0,38,266
1416639147.68962,pg_catalog,pg_constraint,pg_constraint_conrelid_index,0,0,0,38,266
1416639147.68962,pg_catalog,pg_constraint,pg_constraint_conname_nsp_index,0,0,0,38,266
1416639147.68962,pg_catalog,pg_inherits,pg_inherits_parent_index,0,0,0,0,0
1416639147.68962,pg_catalog,pg_inherits,pg_inherits_relid_seqno_index,1074,0,0,539,535
1416639147.68962,pg_catalog,pg_index,pg_index_indexrelid_index,295912,297081,295912,819,331632
1416639147.68962,pg_catalog,pg_index,pg_index_indrelid_index,80250,243313,243313,1780,99353
1416639147.68962,pg_catalog,pg_opfamily,pg_opfamily_oid_index,0,0,0,0,0
1416639147.68962,pg_catalog,pg_opfamily,pg_opfamily_am_name_nsp_index,0,0,0,0,0
1416639147.68962,pg_catalog,pg_opclass,pg_opclass_oid_index,162693,162693,162693,837,197554
1416639147.68962,pg_catalog,pg_opclass,pg_opclass_am_name_nsp_index,52637,2195333,2195333,2302,64880
1416639147.68962,pg_catalog,pg_am,pg_am_oid_index,0,0,0,0,0
1416639147.68962,pg_catalog,pg_am,pg_am_name_index,0,0,0,0,0
1416639147.68962,pg_catalog,pg_amop,pg_amop_oid_index,0,0,0,0,0
1416639147.68962,pg_catalog,pg_amop,pg_amop_opr_fam_index,128082,361027,361027,2974,277415
1416639147.68962,pg_catalog,pg_amop,pg_amop_fam_strat_index,175317,175317,175317,2506,364587
1416639147.68962,pg_catalog,pg_amproc,pg_amproc_oid_index,0,0,0,0,0
1416639147.68962,pg_catalog,pg_amproc,pg_amproc_fam_proc_index,157763,328065,328065,1367,349857
1416639147.68962,pg_catalog,pg_language,pg_language_oid_index,0,0,0,0,0
1416639147.68962,pg_catalog,pg_language,pg_language_name_index,0,0,0,0,0
1416639147.68962,pg_catalog,pg_largeobject_metadata,pg_largeobject_metadata_oid_index,0,0,0,0,0
1416639147.68962,pg_catalog,pg_aggregate,pg_aggregate_fnoid_index,18530,18530,18530,3028,29264
1416639147.68962,pg_catalog,pg_rewrite,pg_rewrite_rel_rulename_index,6449,5853,5257,1155,9874
1416639147.68962,pg_catalog,pg_rewrite,pg_rewrite_oid_index,1788,1192,1192,819,2188
1416639147.68962,pg_catalog,pg_trigger,pg_trigger_oid_index,0,0,0,0,0
1416639147.68962,pg_catalog,pg_trigger,pg_trigger_tgrelid_tgname_index,0,0,0,0,0
1416639147.68962,pg_catalog,pg_trigger,pg_trigger_tgconstraint_index,0,0,0,0,0
1416639147.68962,pg_catalog,pg_event_trigger,pg_event_trigger_oid_index,0,0,0,0,0
1416639147.68962,pg_catalog,pg_event_trigger,pg_event_trigger_evtname_index,1799,0,0,537,1262
1416639147.68962,pg_catalog,pg_description,pg_description_o_c_o_index,4746,0,0,1519,9047
1416639147.68962,pg_catalog,pg_cast,pg_cast_source_target_index,1163031,275240,275240,865,1195350
1416639147.68962,pg_catalog,pg_cast,pg_cast_oid_index,0,0,0,0,0
1416639147.68962,pg_catalog,pg_database,pg_database_oid_index,49332,49331,49331,895,85591
1416639147.68962,pg_catalog,pg_database,pg_database_datname_index,71441,71440,71440,850,107672
1416639147.68962,pg_catalog,pg_namespace,pg_namespace_oid_index,87946,87904,87904,1327,89193
1416639147.68962,pg_catalog,pg_namespace,pg_namespace_nspname_index,95378,61156,61156,857,128743
1416639147.68962,pg_catalog,pg_conversion,pg_conversion_oid_index,0,0,0,0,0
1416639147.68962,pg_catalog,pg_conversion,pg_conversion_name_nsp_index,0,0,0,0,0
1416639147.68962,pg_catalog,pg_conversion,pg_conversion_default_index,0,0,0,0,0
1416639147.68962,pg_catalog,pg_db_role_setting,pg_db_role_setting_databaseid_rol_index,148612,0,0,374,148238
1416639147.68962,pg_catalog,pg_tablespace,pg_tablespace_spcname_index,0,0,0,55,55
1416639147.68962,pg_catalog,pg_tablespace,pg_tablespace_oid_index,24553,24553,24553,1307,47799
1416639147.68962,pg_catalog,pg_pltemplate,pg_pltemplate_name_index,0,0,0,0,0
1416639147.68962,pg_catalog,pg_auth_members,pg_auth_members_member_role_index,0,0,0,0,0
1416639147.68962,pg_catalog,pg_auth_members,pg_auth_members_role_member_index,0,0,0,0,0
1416639147.68962,pg_catalog,pg_shdepend,pg_shdepend_reference_index,1127,1127,1127,1073,1139
1416639147.68962,pg_catalog,pg_shdepend,pg_shdepend_depender_index,4747,0,0,1029,4793
1416639147.68962,pg_catalog,pg_shdescription,pg_shdescription_o_c_index,0,0,0,0,0
1416639147.68962,pg_catalog,pg_ts_config,pg_ts_config_oid_index,0,0,0,0,0
1416639147.68962,pg_catalog,pg_ts_config,pg_ts_config_cfgname_index,0,0,0,0,0
1416639147.68962,pg_catalog,pg_ts_config_map,pg_ts_config_map_index,0,0,0,0,0
1416639147.68962,pg_catalog,pg_ts_dict,pg_ts_dict_oid_index,0,0,0,0,0
1416639147.68962,pg_catalog,pg_ts_dict,pg_ts_dict_dictname_index,0,0,0,0,0
1416639147.68962,pg_catalog,pg_ts_parser,pg_ts_parser_oid_index,0,0,0,0,0
1416639147.68962,pg_catalog,pg_ts_parser,pg_ts_parser_prsname_index,0,0,0,0,0
1416639147.68962,pg_catalog,pg_ts_template,pg_ts_template_oid_index,0,0,0,0,0
1416639147.68962,pg_catalog,pg_ts_template,pg_ts_template_tmplname_index,0,0,0,0,0
1416639147.68962,pg_catalog,pg_extension,pg_extension_name_index,0,0,0,0,0
1416639147.68962,pg_catalog,pg_extension,pg_extension_oid_index,0,0,0,0,0
1416639147.68962,pg_catalog,pg_foreign_data_wrapper,pg_foreign_data_wrapper_name_index,0,0,0,0,0
1416639147.68962,pg_catalog,pg_foreign_data_wrapper,pg_foreign_data_wrapper_oid_index,0,0,0,0,0
1416639147.68962,pg_catalog,pg_foreign_server,pg_foreign_server_name_index,0,0,0,0,0
1416639147.68962,pg_catalog,pg_foreign_server,pg_foreign_server_oid_index,0,0,0,0,0
1416639147.68962,pg_catalog,pg_foreign_table,pg_foreign_table_relid_index,0,0,0,0,0
1416639147.68962,pg_catalog,pg_rowsecurity,pg_rowsecurity_polname_relid_index,0,0,0,0,0
1416639147.68962,pg_catalog,pg_rowsecurity,pg_rowsecurity_oid_index,0,0,0,0,0
1416639147.68962,pg_catalog,pg_default_acl,pg_default_acl_oid_index,0,0,0,0,0
1416639147.68962,pg_catalog,pg_default_acl,pg_default_acl_role_nsp_obj_index,4336,0,0,491,3845
1416639147.68962,pg_catalog,pg_seclabel,pg_seclabel_object_index,4746,0,0,490,4256
1416639147.68962,pg_catalog,pg_shseclabel,pg_shseclabel_object_index,0,0,0,0,0
1416639147.68962,pg_catalog,pg_collation,pg_collation_oid_index,0,0,0,0,0
1416639147.68962,pg_catalog,pg_collation,pg_collation_name_enc_nsp_index,0,0,0,0,0
1416639147.68962,pg_catalog,pg_range,pg_range_rngtypid_index,8362,0,0,3075,13649
1416639147.68962,pg_toast,pg_toast_12698,pg_toast_12698_index,0,0,0,0,0
1416639147.68962,pg_toast,pg_toast_12703,pg_toast_12703_index,0,0,0,0,0
1416639147.68962,pg_toast,pg_toast_12708,pg_toast_12708_index,0,0,0,0,0
1416639147.68962,public,lineitem,lineitem_l_partkey_l_quantity_idx,0,0,0,0,0
1416639147.68962,pg_toast,pg_toast_12713,pg_toast_12713_index,0,0,0,0,0
1416639147.68962,pg_toast,pg_toast_12718,pg_toast_12718_index,0,0,0,0,0
1416639147.68962,pg_toast,pg_toast_12723,pg_toast_12723_index,0,0,0,0,0
1416639147.68962,pg_catalog,pg_class,pg_class_tblspc_relfilenode_index,0,0,0,1815,5760
1416639147.68962,pg_catalog,pg_class,pg_class_relname_nsp_index,132359,68779,67757,3253,299556
1416639147.68962,pg_catalog,pg_class,pg_class_oid_index,714265,712358,706018,2478,1467190
1416639147.68962,pg_catalog,pg_operator,pg_operator_oprname_l_r_n_index,122955,1258554,1258554,3288,268363
1416639147.68962,pg_catalog,pg_operator,pg_operator_oid_index,144846,144846,144846,2699,312268
1416639147.68962,public,supplier,pk_supplier,0,0,0,275,0
1416639147.68962,public,supplier,supplier_s_suppkey_idx_like,0,0,0,1,0
1416639147.68962,public,supplier,supplier_s_nationkey_s_suppkey_brin_idx,0,0,0,0,3
1416639147.68962,public,nation,pk_nation,0,0,0,1,0
1416639147.68962,pg_catalog,pg_enum,pg_enum_typid_sortorder_index,0,0,0,0,0
1416639147.68962,pg_catalog,pg_enum,pg_enum_typid_label_index,0,0,0,0,0
1416639147.68962,pg_catalog,pg_enum,pg_enum_oid_index,0,0,0,0,0
1416639147.68962,pg_catalog,pg_depend,pg_depend_reference_index,34659,37045,31730,8045,80247
1416639147.68962,pg_catalog,pg_depend,pg_depend_depender_index,10067,16338,16338,4238,34953
1416639147.68962,pg_toast,pg_toast_12693,pg_toast_12693_index,0,0,0,0,0
1416639147.68962,public,part,pk_part,0,0,0,5486,0
1416639147.68962,public,part,part_p_name_idx,0,0,0,13604,0
1416639147.68962,public,part,part_p_container_p_brand_p_partkey_idx,0,0,0,12144,0
1416639147.68962,public,part,part_p_type_p_partkey_idx,0,0,0,11519,0
1416639147.68962,public,part,part_p_size_brin_idx,0,0,0,0,3
1416639147.68962,public,region,pk_region,0,0,0,1,0
1416639147.68962,public,partsupp,pk_partsupp,0,0,0,21936,0
1416639147.68962,public,partsupp,partsupp_ps_suppkey_idx,0,0,0,0,6
1416639207.68892,pg_catalog,pg_statistic,pg_statistic_relid_att_inh_index,191008,183934,183875,2072,409539
1416639207.68892,pg_catalog,pg_type,pg_type_typname_nsp_index,21210,16299,15267,5947,50822
1416639207.68892,pg_catalog,pg_type,pg_type_oid_index,801423,799274,799274,2009,1639741
1416639207.68892,public,customer,pk_customer,0,0,0,4115,0
1416639207.68892,public,customer,customer_c_phone_idx,0,0,0,4115,0
1416639207.68892,public,customer,customer_c_mktsegment_c_custkey_idx,0,0,0,5778,0
1416639207.68892,public,customer,customer_c_nationkey_c_custkey_brin_idx,0,0,0,0,3
1416639207.68892,public,customer,customer_c_phone_idx_c_acctbal,0,0,0,3741,0
1416639207.68892,pg_toast,pg_toast_2619,pg_toast_2619_index,138165,467230,467230,2745,278374
1416639207.68892,pg_toast,pg_toast_1255,pg_toast_1255_index,0,0,0,0,0
1416639207.68892,pg_toast,pg_toast_2604,pg_toast_2604_index,0,0,0,0,0
1416639207.68892,pg_toast,pg_toast_2606,pg_toast_2606_index,0,0,0,0,0
1416639207.68892,pg_toast,pg_toast_2618,pg_toast_2618_index,3365,10746,10746,607,4821
1416639207.68892,pg_toast,pg_toast_2620,pg_toast_2620_index,0,0,0,0,0
1416639207.68892,pg_toast,pg_toast_2609,pg_toast_2609_index,0,0,0,0,0
1416639207.68892,pg_toast,pg_toast_2964,pg_toast_2964_index,0,0,0,0,0
1416639207.68892,pg_toast,pg_toast_2396,pg_toast_2396_index,0,0,0,0,0
1416639207.68892,pg_toast,pg_toast_3596,pg_toast_3596_index,0,0,0,0,0
1416639207.68892,public,orders,orders_o_orderkey_o_orderdate_brin_idx,0,0,0,0,12
1416639207.68892,public,orders,orders_o_orderdate_o_orderkey_brin_idx,0,0,0,0,12
1416639207.68892,public,orders,pk_orders,0,0,0,41130,0
1416639207.68892,pg_catalog,pg_authid,pg_authid_oid_index,34533,34533,34533,902,68164
1416639207.68892,pg_catalog,pg_authid,pg_authid_rolname_index,34328,34328,34328,919,67737
1416639207.68892,pg_catalog,pg_largeobject,pg_largeobject_loid_pn_index,0,0,0,0,0
1416639207.68892,pg_catalog,pg_user_mapping,pg_user_mapping_user_server_index,0,0,0,0,0
1416639207.68892,pg_catalog,pg_user_mapping,pg_user_mapping_oid_index,0,0,0,0,0
1416639207.68892,pg_catalog,pg_attribute,pg_attribute_relid_attnum_index,692423,1563995,1563816,4607,1435700
1416639207.68892,pg_catalog,pg_attribute,pg_attribute_relid_attnam_index,1087,1087,1087,1820,16501
1416639207.68892,pg_catalog,pg_proc,pg_proc_proname_args_nsp_index,41542,187932,187932,7128,108283
1416639207.68892,pg_catalog,pg_proc,pg_proc_oid_index,260908,260908,260908,5067,549904
1416639207.68892,pg_catalog,pg_attrdef,pg_attrdef_oid_index,0,0,0,0,0
1416639207.68892,pg_catalog,pg_attrdef,pg_attrdef_adrelid_adnum_index,0,0,0,0,0
1416639207.68892,pg_catalog,pg_constraint,pg_constraint_oid_index,296,144,144,38,708
1416639207.68892,pg_catalog,pg_constraint,pg_constraint_contypid_index,0,0,0,38,268
1416639207.68892,pg_catalog,pg_constraint,pg_constraint_conrelid_index,0,0,0,38,268
1416639207.68892,pg_catalog,pg_constraint,pg_constraint_conname_nsp_index,0,0,0,38,268
1416639207.68892,pg_catalog,pg_inherits,pg_inherits_parent_index,0,0,0,0,0
1416639207.68892,pg_catalog,pg_inherits,pg_inherits_relid_seqno_index,1074,0,0,539,535
1416639207.68892,pg_catalog,pg_index,pg_index_indexrelid_index,295952,297121,295952,819,331680
1416639207.68892,pg_catalog,pg_index,pg_index_indrelid_index,80273,243360,243360,1780,99384
1416639207.68892,pg_catalog,pg_opfamily,pg_opfamily_oid_index,0,0,0,0,0
1416639207.68892,pg_catalog,pg_opfamily,pg_opfamily_am_name_nsp_index,0,0,0,0,0
1416639207.68892,pg_catalog,pg_opclass,pg_opclass_oid_index,162712,162712,162712,837,197579
1416639207.68892,pg_catalog,pg_opclass,pg_opclass_am_name_nsp_index,52644,2195619,2195619,2302,64892
1416639207.68892,pg_catalog,pg_am,pg_am_oid_index,0,0,0,0,0
1416639207.68892,pg_catalog,pg_am,pg_am_name_index,0,0,0,0,0
1416639207.68892,pg_catalog,pg_amop,pg_amop_oid_index,0,0,0,0,0
1416639207.68892,pg_catalog,pg_amop,pg_amop_opr_fam_index,128092,361052,361052,2974,277438
1416639207.68892,pg_catalog,pg_amop,pg_amop_fam_strat_index,175334,175334,175334,2506,364624
1416639207.68892,pg_catalog,pg_amproc,pg_amproc_oid_index,0,0,0,0,0
1416639207.68892,pg_catalog,pg_amproc,pg_amproc_fam_proc_index,157782,328103,328103,1367,349901
1416639207.68892,pg_catalog,pg_language,pg_language_oid_index,0,0,0,0,0
1416639207.68892,pg_catalog,pg_language,pg_language_name_index,0,0,0,0,0
1416639207.68892,pg_catalog,pg_largeobject_metadata,pg_largeobject_metadata_oid_index,0,0,0,0,0
1416639207.68892,pg_catalog,pg_aggregate,pg_aggregate_fnoid_index,18531,18531,18531,3028,29266
1416639207.68892,pg_catalog,pg_rewrite,pg_rewrite_rel_rulename_index,6455,5859,5263,1155,9884
1416639207.68892,pg_catalog,pg_rewrite,pg_rewrite_oid_index,1788,1192,1192,819,2188
1416639207.68892,pg_catalog,pg_trigger,pg_trigger_oid_index,0,0,0,0,0
1416639207.68892,pg_catalog,pg_trigger,pg_trigger_tgrelid_tgname_index,0,0,0,0,0
1416639207.68892,pg_catalog,pg_trigger,pg_trigger_tgconstraint_index,0,0,0,0,0
1416639207.68892,pg_catalog,pg_event_trigger,pg_event_trigger_oid_index,0,0,0,0,0
1416639207.68892,pg_catalog,pg_event_trigger,pg_event_trigger_evtname_index,1801,0,0,537,1264
1416639207.68892,pg_catalog,pg_description,pg_description_o_c_o_index,4746,0,0,1519,9047
1416639207.68892,pg_catalog,pg_cast,pg_cast_source_target_index,1163116,275276,275276,865,1195441
1416639207.68892,pg_catalog,pg_cast,pg_cast_oid_index,0,0,0,0,0
1416639207.68892,pg_catalog,pg_database,pg_database_oid_index,49352,49351,49351,895,85618
1416639207.68892,pg_catalog,pg_database,pg_database_datname_index,71453,71452,71452,850,107691
1416639207.68892,pg_catalog,pg_namespace,pg_namespace_oid_index,88083,88041,88041,1327,89333
1416639207.68892,pg_catalog,pg_namespace,pg_namespace_nspname_index,95394,61166,61166,857,128765
1416639207.68892,pg_catalog,pg_conversion,pg_conversion_oid_index,0,0,0,0,0
1416639207.68892,pg_catalog,pg_conversion,pg_conversion_name_nsp_index,0,0,0,0,0
1416639207.68892,pg_catalog,pg_conversion,pg_conversion_default_index,0,0,0,0,0
1416639207.68892,pg_catalog,pg_db_role_setting,pg_db_role_setting_databaseid_rol_index,148640,0,0,374,148266
1416639207.68892,pg_catalog,pg_tablespace,pg_tablespace_spcname_index,0,0,0,55,55
1416639207.68892,pg_catalog,pg_tablespace,pg_tablespace_oid_index,24558,24558,24558,1307,47809
1416639207.68892,pg_catalog,pg_pltemplate,pg_pltemplate_name_index,0,0,0,0,0
1416639207.68892,pg_catalog,pg_auth_members,pg_auth_members_member_role_index,0,0,0,0,0
1416639207.68892,pg_catalog,pg_auth_members,pg_auth_members_role_member_index,0,0,0,0,0
1416639207.68892,pg_catalog,pg_shdepend,pg_shdepend_reference_index,1127,1127,1127,1073,1139
1416639207.68892,pg_catalog,pg_shdepend,pg_shdepend_depender_index,4747,0,0,1029,4793
1416639207.68892,pg_catalog,pg_shdescription,pg_shdescription_o_c_index,0,0,0,0,0
1416639207.68892,pg_catalog,pg_ts_config,pg_ts_config_oid_index,0,0,0,0,0
1416639207.68892,pg_catalog,pg_ts_config,pg_ts_config_cfgname_index,0,0,0,0,0
1416639207.68892,pg_catalog,pg_ts_config_map,pg_ts_config_map_index,0,0,0,0,0
1416639207.68892,pg_catalog,pg_ts_dict,pg_ts_dict_oid_index,0,0,0,0,0
1416639207.68892,pg_catalog,pg_ts_dict,pg_ts_dict_dictname_index,0,0,0,0,0
1416639207.68892,pg_catalog,pg_ts_parser,pg_ts_parser_oid_index,0,0,0,0,0
1416639207.68892,pg_catalog,pg_ts_parser,pg_ts_parser_prsname_index,0,0,0,0,0
1416639207.68892,pg_catalog,pg_ts_template,pg_ts_template_oid_index,0,0,0,0,0
1416639207.68892,pg_catalog,pg_ts_template,pg_ts_template_tmplname_index,0,0,0,0,0
1416639207.68892,pg_catalog,pg_extension,pg_extension_name_index,0,0,0,0,0
1416639207.68892,pg_catalog,pg_extension,pg_extension_oid_index,0,0,0,0,0
1416639207.68892,pg_catalog,pg_foreign_data_wrapper,pg_foreign_data_wrapper_name_index,0,0,0,0,0
1416639207.68892,pg_catalog,pg_foreign_data_wrapper,pg_foreign_data_wrapper_oid_index,0,0,0,0,0
1416639207.68892,pg_catalog,pg_foreign_server,pg_foreign_server_name_index,0,0,0,0,0
1416639207.68892,pg_catalog,pg_foreign_server,pg_foreign_server_oid_index,0,0,0,0,0
1416639207.68892,pg_catalog,pg_foreign_table,pg_foreign_table_relid_index,0,0,0,0,0
1416639207.68892,pg_catalog,pg_rowsecurity,pg_rowsecurity_polname_relid_index,0,0,0,0,0
1416639207.68892,pg_catalog,pg_rowsecurity,pg_rowsecurity_oid_index,0,0,0,0,0
1416639207.68892,pg_catalog,pg_default_acl,pg_default_acl_oid_index,0,0,0,0,0
1416639207.68892,pg_catalog,pg_default_acl,pg_default_acl_role_nsp_obj_index,4336,0,0,491,3845
1416639207.68892,pg_catalog,pg_seclabel,pg_seclabel_object_index,4746,0,0,490,4256
1416639207.68892,pg_catalog,pg_shseclabel,pg_shseclabel_object_index,0,0,0,0,0
1416639207.68892,pg_catalog,pg_collation,pg_collation_oid_index,0,0,0,0,0
1416639207.68892,pg_catalog,pg_collation,pg_collation_name_enc_nsp_index,0,0,0,0,0
1416639207.68892,pg_catalog,pg_range,pg_range_rngtypid_index,8362,0,0,3075,13649
1416639207.68892,pg_toast,pg_toast_12698,pg_toast_12698_index,0,0,0,0,0
1416639207.68892,pg_toast,pg_toast_12703,pg_toast_12703_index,0,0,0,0,0
1416639207.68892,pg_toast,pg_toast_12708,pg_toast_12708_index,0,0,0,0,0
1416639207.68892,public,lineitem,pk_lineitem,0,0,0,0,0
1416639207.68892,public,lineitem,lineitem_l_orderkey_brin_idx,0,0,0,0,0
1416639207.68892,public,lineitem,lineitem_l_partkey_l_quantity_idx,0,0,0,0,0
1416639207.68892,pg_toast,pg_toast_12713,pg_toast_12713_index,0,0,0,0,0
1416639207.68892,pg_toast,pg_toast_12718,pg_toast_12718_index,0,0,0,0,0
1416639207.68892,pg_toast,pg_toast_12723,pg_toast_12723_index,0,0,0,0,0
1416639207.68892,pg_catalog,pg_class,pg_class_tblspc_relfilenode_index,0,0,0,1815,5769
1416639207.68892,pg_catalog,pg_class,pg_class_relname_nsp_index,132374,68792,67768,3253,299596
1416639207.68892,pg_catalog,pg_class,pg_class_oid_index,714618,712709,706369,2478,1467908
1416639207.68892,pg_catalog,pg_operator,pg_operator_oprname_l_r_n_index,122958,1258557,1258557,3288,268372
1416639207.68892,pg_catalog,pg_operator,pg_operator_oid_index,144859,144859,144859,2699,312298
1416639207.68892,public,supplier,pk_supplier,0,0,0,275,0
1416639207.68892,public,supplier,supplier_s_suppkey_idx_like,0,0,0,1,0
1416639207.68892,public,supplier,supplier_s_nationkey_s_suppkey_brin_idx,0,0,0,0,3
1416639207.68892,public,nation,pk_nation,0,0,0,1,0
1416639207.68892,pg_catalog,pg_enum,pg_enum_typid_sortorder_index,0,0,0,0,0
1416639207.68892,pg_catalog,pg_enum,pg_enum_typid_label_index,0,0,0,0,0
1416639207.68892,pg_catalog,pg_enum,pg_enum_oid_index,0,0,0,0,0
1416639207.68892,pg_catalog,pg_depend,pg_depend_reference_index,34666,37051,31736,8045,80271
1416639207.68892,pg_catalog,pg_depend,pg_depend_depender_index,10067,16338,16338,4238,34963
1416639207.68892,pg_toast,pg_toast_12693,pg_toast_12693_index,0,0,0,0,0
1416639207.68892,public,part,pk_part,0,0,0,5486,0
1416639207.68892,public,part,part_p_name_idx,0,0,0,13604,0
1416639207.68892,public,part,part_p_container_p_brand_p_partkey_idx,0,0,0,12144,0
1416639207.68892,public,part,part_p_type_p_partkey_idx,0,0,0,11519,0
1416639207.68892,public,part,part_p_size_brin_idx,0,0,0,0,3
1416639207.68892,public,region,pk_region,0,0,0,1,0
1416639207.68892,public,partsupp,pk_partsupp,0,0,0,21936,0
1416639207.68892,public,partsupp,partsupp_ps_suppkey_idx,0,0,0,0,6
